ISBN,00_Erstautor,00_Erscheinungsjahr,00_Kurztitel,00_Kartentitel,00_Verlag,00_Sachgruppe,00_Preis,Link zu diesem Datensatz,Art des Inhalts,Titel,Person(en),Organisation(en),Ausgabe,Verlag,Zeitliche Einordnung,Umfang/Format,Andere Ausgabe(n),ISBN/Einband/Preis,EAN,Sprache(n),Beziehungen,Zielgruppe,Schlagwörter,Sachgruppe(n),Literarische Gattung,MARC21xml,Bibframe,Buchhandel,Weiterführende Informationen,Werk(e),Frühere/spätere Titel,Anmerkungen,Bestellnummer(n),DDC-Notation,Abweichende Titel,Exemplarbezogene Angaben,Persistent Identifier
9783328602248,"Graf-Riemann, Lisa",2023,Dallmayr - das Erbe einer Dynastie (Bd. 3),Dallmayr - das Erbe einer Dynastie,Penguin Verlag,830 Deutsche Literatur ; B Belletristik,EUR 16.00 (DE),https://d-nb.info/1297752988,Fiktionale Darstellung,Dallmayr - das Erbe einer Dynastie : Roman / Lisa Graf,"Graf-Riemann, Lisa (Verfasser)",Organisationen nicht gefunden,1. Auflage,München : Penguin Verlag,Erscheinungsdatum: 2023,"494 Seiten ; 21 cm, 571 g",Erscheint auch als Online-Ausgabe: Dallmayr. Das Erbe einer DynastieErscheint auch als: ISBN: 9783844549478,"978-3-328-60224-8 Broschur : EUR 16.00 (DE), EUR 16.50 (AT), circa CHF 21.95, circa CHF 22.50 (freier Preis)3-328-60224-0",9783328602248,Deutsch (ger),In Beziehung stehende Ressource: ISBN: 9783328602040In Beziehung stehende Ressource: ISBN: 9783328602231,Keine Zielgruppe gefunden, Keine Schlagwörter gefunden,830 Deutsche Literatur ; B Belletristik,Erzählende Literatur,https://d-nb.info/1297752988/about/marcxml,https://d-nb.info/1297752988/about/bibframe,http://www.buchhandel.de/buch/9783328602248?MVB-Kennnummer=83426,Inhaltstext,,,,,,,,
9783453428119,"Lind, Hera",2003,Der Prinz aus dem Paradies,Der Prinz aus dem Paradies,Wilhelm Heyne Verlag,830 Deutsche Literatur ; B Belletristik,EUR 11.00 (DE),https://d-nb.info/1281035696,Fiktionale Darstellung,Der Prinz aus dem Paradies : Roman nach einer wahren Geschichte / Hera Lind,"Lind, Hera (Verfasser)",Wilhelm Heyne Verlag (München) (Verlag),Ausgabe nicht gefunden,München : Wilhelm Heyne Verlag,Erscheinungsdatum: 03/2023,"416 Seiten ; 19 cm, 333 g",Erscheint auch als Druck-Ausgabe: ISBN: 9783453359277Erscheint auch als Online-Ausgabe: ISBN: 9783641203108,"978-3-453-42811-9 Broschur : EUR 11.00 (DE), EUR 11.40 (AT), CHF 15.51, CHF 15.90 (freier Preis)3-453-42811-0",9783453428119,Deutsch (ger),Keine Beziehungen gefunden,Keine Zielgruppe gefunden, Keine Schlagwörter gefunden,830 Deutsche Literatur ; B Belletristik,Romanhafte Biographien,https://d-nb.info/1281035696/about/marcxml,https://d-nb.info/1281035696/about/bibframe,http://www.buchhandel.de/buch/9783453428119?MVB-Kennnummer=83426,Inhaltstext,"Lind, Hera: Der Prinz aus dem Paradies",Vorangegangen ist: ISBN: 9783453359277,,,,,,
9783473460328,"Lenz, MartinMai,",2021,Zauberhafte Erstlesegeschichten von Pferden und Geheimnissen,Zauberhafte Erstlesegeschichten von Pferden und Geheimnissen,Ravensburger,K Kinder- und Jugendliteratur,EUR 5.00 (DE),https://d-nb.info/121431404X,KinderbuchAnthologie,"Zauberhafte Erstlesegeschichten von Pferden und Geheimnissen / Martin Lenz, Manfred Mai, Cornelia Neudert ; mit Bildern von Julia Ginsbach und Markus Zöller","Lenz, MartinMai, Manfred (Verfasser)Neudert, Cornelia (Verfasser)",Ravensburger Buchverlag Otto Maier (Verlag),Ausgabe nicht gefunden,Ravensburg : Ravensburger,Erscheinungsdatum: [2021],"88 Seiten : Illustrationen ; 25 cm, 390 g",Keine weiteren Ausgaben gefunden,"978-3-473-46032-8 Festeinband : EUR 5.00 (DE), EUR 5.00 (AT), CHF 7.90 (freier Preis)3-473-46032-X",9783473460328,Deutsch (ger),Leserabe,Leseanfänger, Keine Schlagwörter gefunden,K Kinder- und Jugendliteratur,"Erstlesealter, Vorschulalter",https://d-nb.info/121431404X/about/marcxml,https://d-nb.info/121431404X/about/bibframe,http://www.buchhandel.de/buch/9783473460328?MVB-Kennnummer=83426,InhaltstextInhaltsverzeichnis,,,1. Lesestufe,,,,,
9783473493005,"Neubauer, Annette",2025,tiptoi: Meine Lern-Spiel-Welt - logisches Denken,Meine Lern-Spiel-Welt - logisches Denken,Ravensburger Verlag GmbH,K Kinder- und Jugendliteratur,EUR 19.99 (DE),https://d-nb.info/1336739312,Bilderbuch,Meine Lern-Spiel-Welt - logisches Denken / Text: Annette Neubauer ; Illustration: Antje Hagemann,"Neubauer, Annette (Verfasser)Hagemann, Antje (Illustrator)",Ravensburger Buchverlag Otto Maier (Verlag),1. Auflage,Ravensburg : Ravensburger Verlag GmbH,Erscheinungsdatum: [2025],"16 ungezählte Seiten : Illustrationen ; 28 cm, 504 g",Keine weiteren Ausgaben gefunden,"978-3-473-49300-5 Spiralbindung : EUR 19.99 (DE), EUR 20.60 (AT), CHF 27.90 (freier Preis)3-473-49300-7",9783473493005,Deutsch (ger),Tiptoi® - das spielerische Lernsystem,Vorschulkind, Keine Schlagwörter gefunden,K Kinder- und Jugendliteratur,Erzählerische Bilderbücher,https://d-nb.info/1336739312/about/marcxml,https://d-nb.info/1336739312/about/bibframe,http://www.buchhandel.de/buch/9783473493005?MVB-Kennnummer=83426,Inhaltstext,,,,Bestellnummer: 49300,,,,
9783863340711,"Koch, Samuel",2015,"Rollevorwärts : das Leben geht weiter, als man denkt",Rollevorwärts,adeo,"360 Soziale Probleme, Sozialdienste, Versicherungen ; 300 Sozialwissenschaften, Soziologie, Anthropologie ; 791 Öffentliche Darbietungen, Film, Rundfunk",EUR 17.99 (DE),https://d-nb.info/1070563463,AutobiografieErlebnisbericht,"Rollevorwärts : das Leben geht weiter, als man denkt / Samuel Koch","Koch, Samuel (Verfasser)Müller, Titus (Mitwirkender)",adeo Verlag (Verlag),1. Auflage,Asslar : adeo,Erscheinungsdatum: 2015,221 Seiten : Illustrationen ; 22 cm,"Erscheint auch als Online-Ausgabe: Koch, Samuel: Rolle vorwärts",978-3-86334-071-1 Festeinband : EUR 17.993-86334-071-X,9783863340711,Deutsch (ger),Keine Beziehungen gefunden,Keine Zielgruppe gefunden,"Koch, SamuelQuerschnittslähmung ; Rollstuhlfahrer ; Alltag ; Schauspielkunst ; Auftritt ; Fernsehsendung","360 Soziale Probleme, Sozialdienste, Versicherungen ; 300 Sozialwissenschaften, Soziologie, Anthropologie ; 791 Öffentliche Darbietungen, Film, Rundfunk",Gattung nicht gefunden,https://d-nb.info/1070563463/about/marcxml,https://d-nb.info/1070563463/about/bibframe,http://www.buchhandel.de/buch/9783863340711?MVB-Kennnummer=83426,InhaltsverzeichnisInhaltstext,,,,,362.6842092 [DDC22ger],,,
9783473492848,"Haferkamp, Kai",2023,tiptoi: Mathe 1. Klasse : interaktive Lernspiele und Aufgaben,Mathe 1. Klasse,Ravensburger,K Kinder- und Jugendliteratur,EUR 19.99 (DE),https://d-nb.info/1279324368,Kindersachbuch,"Mathe 1. Klasse : interaktive Lernspiele und Aufgaben / Kai Haferkamp, Franziska Harvey","Haferkamp, Kai (Verfasser)Harvey, Franziska (Illustrator)",Ravensburger Buchverlag Otto Maier (Verlag),Ausgabe nicht gefunden,Ravensburg : Ravensburger,Erscheinungsdatum: [2023],"38 Seiten : Illustrationen ; 27 cm, 429 g",Keine weiteren Ausgaben gefunden,"978-3-473-49284-8 Festeinband : EUR 19.99 (DE), EUR 20.60 (AT), CHF 28.50 (freier Preis)3-473-49284-1",9783473492848,Deutsch (ger),Lern mit mir!In Beziehung stehende Ressource: ISBN: 9783473418121In Beziehung stehende Ressource: ISBN: 9783473418091In Beziehung stehende Ressource: ISBN: 9783473492855In Beziehung stehende Ressource: ISBN: 9783473492831,Kind, Keine Schlagwörter gefunden,K Kinder- und Jugendliteratur,Spielerisches Lernen: Mathematik,https://d-nb.info/1279324368/about/marcxml,https://d-nb.info/1279324368/about/bibframe,http://www.buchhandel.de/buch/9783473492848?MVB-Kennnummer=83426,InhaltstextInhaltsverzeichnis,,,Nur mit original Tiptoi-Stift spielbar,Bestellnummer: 49284,,,,
9783551021779,"Leloup, Roger",2008,Yoko Tsuno: Von der Erde nach Vinea (Sammel-Bd. 2),Yoko Tsuno (Sammel-Bd. 2) Von der Erde nach Vinea,Carlsen Comics,Keine Sachgruppe gefunden,EUR 29.90 (DE),https://d-nb.info/986856584,Inhalt nicht gefunden,"Leloup, Roger: Yoko TsunoTeil: [2]., Von der Erde nach Vinea / [aus dem Franz. von Gisela Prüfer ...]",Personen nicht gefunden,Organisationen nicht gefunden,Ausgabe nicht gefunden,Hamburg : Carlsen Comics,Erscheinungsdatum: 2008,"164, [10] S. : überw. Ill.",Keine weiteren Ausgaben gefunden,"978-3-551-02177-9 Pp. : EUR 29.90 (DE), EUR 30.80 (AT), sfr 50.90 (freier Pr.)",9783551021779,"Deutsch (ger), Originalsprache(n): Französisch (fre)",Keine Beziehungen gefunden,Keine Zielgruppe gefunden, Keine Schlagwörter gefunden,Keine Sachgruppe gefunden,Gattung nicht gefunden,https://d-nb.info/986856584/about/marcxml,https://d-nb.info/986856584/about/bibframe,http://www.buchhandel.de/buch/9783551021779?MVB-Kennnummer=83426,,,,,,,,,
9783426564615,"Frey, Sita",2025,Tage wie Salzwasser,Tage wie Salzwasser,Droemer,830 Deutsche Literatur ; B Belletristik,EUR 22.00 (DE),https://d-nb.info/1346814422,Fiktionale Darstellung,Tage wie Salzwasser : Roman / Sita Maria Frey,"Frey, Sita Maria (Verfasser)",Droemer Verlag (Verlag),Originalausgabe,München : Droemer,Erscheinungsdatum: Mai 2025,"318 Seiten ; 21 cm, 388 g","Erscheint auch als Online-Ausgabe: Frey, Sita Maria: Tage wie Salzwasser","978-3-426-56461-5 Festeinband : EUR 22.00 (DE), EUR 22.70 (AT)3-426-56461-0",9783426564615,Deutsch (ger),Keine Beziehungen gefunden,Keine Zielgruppe gefunden, Keine Schlagwörter gefunden,830 Deutsche Literatur ; B Belletristik,Erzählende Literatur: Gegenwartsliteratur ab 1945,https://d-nb.info/1346814422/about/marcxml,https://d-nb.info/1346814422/about/bibframe,http://www.buchhandel.de/buch/9783426564615?MVB-Kennnummer=83426,Inhaltstext,,,,,,,,
9783947188550,"Pilkey, Dav",2019,Dog Man – die Abenteuer des neuen Superhelden (Bd. 1),Dog Man,Adrian,K Kinder- und Jugendliteratur,EUR 9.99 (DE),https://d-nb.info/1178225739,Kinderbuch,Dog Man / geschrieben und illustriert von Dav Pilkey als George Beard und Harold Hutchins ; koloriert von Jose Garibaldi ; Übersetzung: Gerda Maria Pum,"Pilkey, Dav (Verfasser, Künstler)",Adrian Verlag (Verlag),1. Auflage,Berlin : Adrian,Erscheinungsdatum: [2019],231 Seiten ; 22 cm,Keine weiteren Ausgaben gefunden,"978-3-947188-55-0 Festeinband : EUR 9.99 (DE), EUR 10.30 (AT)3-947188-55-2",9783947188550,"Deutsch (ger), Originalsprache(n): Englisch (eng)","Pilkey, Dav: Die Superhelden-Abenteuer ; [# 1]",Kind, Keine Schlagwörter gefunden,K Kinder- und Jugendliteratur,Kinderbücher bis 11 Jahre,https://d-nb.info/1178225739/about/marcxml,https://d-nb.info/1178225739/about/bibframe,http://www.buchhandel.de/buch/9783947188550?MVB-Kennnummer=83426,,Dog Man,,,,,Zusatz zum Haupttitel auf dem Einband: Die Abenteuer des neuen Superhelden!,,
9783458644811,"Schützer, Karolina",2025,Unter den Sternen von Paris,Unter den Sternen von Paris,Insel Verlag,830 Deutsche Literatur ; B Belletristik,EUR 24.00 (DE),https://d-nb.info/1344619002,Inhalt nicht gefunden,"Unter den Sternen von Paris : Roman | Ein charmanter Wohlfühlroman, der das Herz berührt / Karolina Schützer","Schützer, Karolina (Verfasser)Pröfrock, Nora (Übersetzer)",Insel Verlag Berlin (Verlag),1. Auflage,Berlin : Insel Verlag,Erscheinungsdatum: 2025,"384 Seiten ; 20.9 cm, 464 g",Erscheint auch als Online-Ausgabe: Unter den Sternen von Paris,"978-3-458-64481-1 : circa EUR 24.00 (DE), circa EUR 24.70 (AT), circa CHF 34.50 (freier Preis)3-458-64481-4",9783458644811,"Deutsch (ger), Originalsprache(n): Schwedisch (swe)",Keine Beziehungen gefunden,Keine Zielgruppe gefunden, Keine Schlagwörter gefunden,830 Deutsche Literatur ; B Belletristik,Erzählende Literatur: Gegenwartsliteratur ab 1945,https://d-nb.info/1344619002/about/marcxml,Link not found,http://www.buchhandel.de/buch/9783458644811?MVB-Kennnummer=83426,Inhaltstext,Under stjärnorna i Paris,,,,,,,
9783442483334,"Sund, Erik",2015,Scherbenseele (Bd. 1),Scherbenseele,Goldmann,839 Literatur in anderen germanischen Sprachen ; B Belletristik,EUR 12.99 (DE),https://d-nb.info/1070334022,Inhalt nicht gefunden,Scherbenseele : Psychothriller / Erik Axl Sund. Aus dem Schwed. von Nike Karen Müller,"Sund, Erik Axl (Verfasser)Müller, Nike Karen (Übersetzer)",Organisationen nicht gefunden,"Dt. Erstausg., 1. Aufl.",München : Goldmann,Erscheinungsdatum: 2015,409 S. ; 21 cm,"Erscheint auch als Online-Ausgabe: Sund, Erik Axl: Scherbenseele","978-3-442-48333-4 kart. : EUR 12.99 (DE), EUR 13.40 (AT), sfr 17.90 (freier Pr.)3-442-48333-6",9783442483334,"Deutsch (ger), Originalsprache(n): Schwedisch (swe)","Sund, Erik Axl: Band ... der Kronoberg-Reihe ; Bd. 1Goldmann ; 48333",Keine Zielgruppe gefunden, Keine Schlagwörter gefunden,839 Literatur in anderen germanischen Sprachen ; B Belletristik,"Krimis, Thriller, Spionage",https://d-nb.info/1070334022/about/marcxml,https://d-nb.info/1070334022/about/bibframe,http://www.buchhandel.de/buch/9783442483334?MVB-Kennnummer=83426,,Glaskroppar (dt.),,,,,,,
9783499017551,"Nymoen, Ole",2025,Warum ich niemals für mein Land kämpfen würde : gegen die Kriegstüchtigkeit,Warum ich niemals für mein Land kämpfen würde,Rowohlt Taschenbuch Verlag,"300 Sozialwissenschaften, Soziologie, Anthropologie",EUR 16.00 (DE),https://d-nb.info/1345214375,Inhalt nicht gefunden,Warum ich niemals für mein Land kämpfen würde : gegen die Kriegstüchtigkeit / Ole Nymoen,"Nymoen, Ole (Verfasser)",Rowohlt Taschenbuch Verlag (Verlag),Originalausgabe,Hamburg : Rowohlt Taschenbuch Verlag,Erscheinungsdatum: April 2025,"138 Seiten ; 20 cm, 150 g",Erscheint auch als Online-Ausgabe: ISBN: 9783644023970,"978-3-499-01755-1 Festeinband : EUR 16.00 (DE), EUR 16.50 (AT)3-499-01755-5",9783499017551,Deutsch (ger),Keine Beziehungen gefunden,Keine Zielgruppe gefunden, Keine Schlagwörter gefunden,"300 Sozialwissenschaften, Soziologie, Anthropologie",Gattung nicht gefunden,https://d-nb.info/1345214375/about/marcxml,https://d-nb.info/1345214375/about/bibframe,http://www.buchhandel.de/buch/9783499017551?MVB-Kennnummer=83426,InhaltstextInhaltsverzeichnis,,,,,,,,
9783446262089,"Canty, John",2019,"Hinten und vorn - alles, was krabbelt und fliegt","Hinten und vorn - alles, was krabbelt und fliegt",Hanser,K Kinder- und Jugendliteratur,EUR 14.00 (DE),https://d-nb.info/1169235026,Sachbilderbuch,"Hinten und vorn - alles, was krabbelt und fliegt / John Canty ; aus dem Englischen von Christiane Schwabbaur","Canty, John (Verfasser, Künstler)Schwabbaur, Christiane (Übersetzer)",Organisationen nicht gefunden,Ausgabe nicht gefunden,München : Hanser,Erscheinungsdatum: 2019,36 ungezählte Seiten ; 21 x 30 cm,Keine weiteren Ausgaben gefunden,"978-3-446-26208-9 Festeinband : circa EUR 14.00 (DE), circa EUR 14.40 (AT)3-446-26208-3",9783446262089,"Deutsch (ger), Originalsprache(n): Englisch (eng)",Keine Beziehungen gefunden,Vorschulkind, Keine Schlagwörter gefunden,K Kinder- und Jugendliteratur,"Sachbücher und Sachbilderbücher für Kinder und Jugendliche: Tiere, Pflanzen, Natur, Umwelt",https://d-nb.info/1169235026/about/marcxml,https://d-nb.info/1169235026/about/bibframe,http://www.buchhandel.de/buch/9783446262089?MVB-Kennnummer=83426,,Heads and tails - insects,,,Bestellnummer: 545/26208,,,Signatur: XI A 4085 : Einzelerwerbungen ab Erscheinungsjahr 2004,
9783551170064,"Imlau, Nora",2023,"Was weinst du denn so viel, kleines Krokodil?","Was weinst du denn so viel, kleines Krokodil?",Carlsen,K Kinder- und Jugendliteratur,EUR 10.00 (DE),https://d-nb.info/1285984765,Bilderbuch,"Was weinst du denn so viel, kleines Krokodil? : ein Mutmachbuch für alle feinfühligen Kinder / Nora Imlau, Lisa Rammensee","Imlau, Nora (Verfasser)Rammensee, Lisa (Künstler)",Carlsen Verlag (Verlag),1. Aufl.,Hamburg : Carlsen,Erscheinungsdatum: 23,"24 ungezählte Seiten ; 20 cm, 352 g",Keine weiteren Ausgaben gefunden,"978-3-551-17006-4 Festeinband : EUR 10.00 (DE), EUR 10.30 (AT), CHF 14.90 (freier Preis)3-551-17006-1",9783551170064,Deutsch (ger),In Beziehung stehende Ressource: ISBN: 9783551171801,Vorschulkind, Keine Schlagwörter gefunden,K Kinder- und Jugendliteratur,"Pappbilderbücher mit und ohne Zusatzteile, Fühlbilderbücher",https://d-nb.info/1285984765/about/marcxml,https://d-nb.info/1285984765/about/bibframe,http://www.buchhandel.de/buch/9783551170064?MVB-Kennnummer=83426,,,,Erscheinungsjahr 2023,,,,,
9783943390568,"Swerts, An",2017,Frida und Wuschel : ein ganz besonderer Geburtstagswunsch,Frida und Wuschel,Lingen,K Kinder- und Jugendliteratur,EUR 12.95 (DE),https://d-nb.info/1130798151,Bilderbuch,Frida und Wuschel : ein ganz besonderer Geburtstagswunsch / An Swerts & Eline van Lindenhuizen ; aus dem Niederländischen von Barbara Rose,"Swerts, An (Verfasser)Lindenhuizen, Eline van (Künstler)Rose, Barbara (Übersetzer)",Helmut Lingen Verlag (Verlag),[1. Auflage],Köln : Lingen,Erscheinungsdatum: [2017],23 ungezählte Seiten ; 27 cm,Keine weiteren Ausgaben gefunden,"978-3-943390-56-8 Festeinband : EUR 12.95 (DE), EUR 13.40 (AT)3-943390-56-X",9783943390568,"Deutsch (ger), Originalsprache(n): Niederländisch (dut)",Keine Beziehungen gefunden,Vorschulkind, Keine Schlagwörter gefunden,K Kinder- und Jugendliteratur,Erzählerische Bilderbücher,https://d-nb.info/1130798151/about/marcxml,https://d-nb.info/1130798151/about/bibframe,http://www.buchhandel.de/buch/9783943390568?MVB-Kennnummer=83426,,"Krijg ik een kabouter, Sint!",,,Bestellnummer: 49993,,,,
9783473493036,N.N.,2025,tiptoi - Kennst du diese Tiergeräusche?,tiptoi® - Kennst du diese Tiergeräusche?,Ravensburger Verlag GmbH,K Kinder- und Jugendliteratur,EUR 19.99 (DE),https://d-nb.info/1341090620,Inhalt nicht gefunden,tiptoi® - Kennst du diese Tiergeräusche?,Personen nicht gefunden,Ravensburger Buchverlag Otto Maier (Verlag),1. Auflage,Ravensburg : Ravensburger Verlag GmbH,Erscheinungsdatum: 2025,"24 Seiten ; 27 cm, 513 g",Keine weiteren Ausgaben gefunden,"978-3-473-49303-6 Festeinband : EUR 19.99 (DE), EUR 20.60 (AT), CHF 27.90 (freier Preis)3-473-49303-1",9783473493036,Deutsch (ger),tiptoi®,Keine Zielgruppe gefunden, Keine Schlagwörter gefunden,K Kinder- und Jugendliteratur,"Spielen, Lernen",https://d-nb.info/1341090620/about/marcxml,Link not found,http://www.buchhandel.de/buch/9783473493036?MVB-Kennnummer=83426,Inhaltstext,,,,Bestellnummer 49303,,,,
9783473362929,ThiLO,2012,"Zauberhafte Geschichten für Erstleser : Ponys, Feen und Prinzessinnen",Zauberhafte Geschichten für Erstleser,Ravensburger Buchverl.,K Kinder- und Jugendliteratur,EUR 5.00 (DE),https://d-nb.info/102160352X,AnthologieKinderbuch,"Zauberhafte Geschichten für Erstleser : Ponys, Feen und Prinzessinnen / THiLO ... Mit Bildern von Lila L. Leiber ...","THiLO (Mitwirkender)Leiber, Lila L. (Mitwirkender)Neudert, Cee (Mitwirkender)Walder, Vanessa (Mitwirkender)Ginsbach, Julia (Illustrator)Gotzen-Beek, Betina (Illustrator)",Organisationen nicht gefunden,[Sonderausg.],Ravensburg : Ravensburger Buchverl.,Erscheinungsdatum: 2012,138 S. : zahlr. Ill. ; 24 cm,Keine weiteren Ausgaben gefunden,"978-3-473-36292-9 Pp. : EUR 5.00, sfr 8.90 (freier Pr.)3-473-36292-1",9783473362929,Deutsch (ger),Leserabe : 1. Lesestufe,Kind,Fee ; Prinzessin ; Anthologie ; Kinderbuch,K Kinder- und Jugendliteratur,"Erstlesealter, Vorschulalter",https://d-nb.info/102160352X/about/marcxml,https://d-nb.info/102160352X/about/bibframe,http://www.buchhandel.de/buch/9783473362929?MVB-Kennnummer=83426,InhaltstextInhaltsverzeichnis,,,,,,,,
9783758700088,"Teige, Trude",2025,Wir sehen uns wieder am Meer,Wir sehen uns wieder am Meer,Fischer,839 Literatur in anderen germanischen Sprachen ; B Belletristik,EUR 24.00 (DE),https://d-nb.info/1357715544,Fiktionale Darstellung,Wir sehen uns wieder am Meer : Roman / Trude Teige ; aus dem Norwegischen von Günther Frauenlob,"Teige, Trude (Verfasser)Frauenlob, Günther (Übersetzer)",Organisationen nicht gefunden,Ausgabe nicht gefunden,Frankfurt am Main : Fischer,Erscheinungsdatum: [2025],"395 Seiten ; 21 cm, 436 g",Erscheint auch als Online-Ausgabe: ISBN: 9783104921921Erscheint auch als: ISBN: 9783732421787Erscheint auch als: ISBN: 9783839821787,"978-3-7587-0008-8 Festeinband : EUR 24.00 (DE), EUR 24.70 (AT)3-7587-0008-6",9783758700088,"Deutsch (ger), Originalsprache(n): Norwegisch (nor)",Supplement zu: ISBN: 9783596709878In Beziehung stehende Ressource: ISBN: 9783596706976In Beziehung stehende Ressource: ISBN: 9783596709878In Beziehung stehende Ressource: ISBN: 9783596523740,Keine Zielgruppe gefunden, Keine Schlagwörter gefunden,839 Literatur in anderen germanischen Sprachen ; B Belletristik,Erzählende Literatur,https://d-nb.info/1357715544/about/marcxml,https://d-nb.info/1357715544/about/bibframe,http://www.buchhandel.de/buch/9783758700088?MVB-Kennnummer=83426,Inhaltstext,Mormors utrolige venninner,,,,,,,
9783570402979,"Zusak, Markus",2014,Der Joker,Der Joker,cbj,K Kinder- und Jugendliteratur,EUR 8.99 (DE),https://d-nb.info/1060409216,Jugendbuch,Der Joker / Markus Zusak. Aus dem austral. Engl. von Alexandra Ernst,"Zusak, Markus (Verfasser)Ernst, Alexandra (Übersetzer)",Organisationen nicht gefunden,1. Aufl.,München : cbj,Erscheinungsdatum: 2014,443 S. : graph. Darst. ; 19 cm,Keine weiteren Ausgaben gefunden,"978-3-570-40297-9 kart. : EUR 8.99 (DE), EUR 9.30 (AT), sfr 13.50 (freier Pr.)3-570-40297-5",9783570402979,"Deutsch (ger), Originalsprache(n): Englisch (eng)",Keine Beziehungen gefunden,Jugend,Junger Mann ; Bankraub ; Verhinderung ; Lebenslauf ; Änderung ; Jugendbuch,K Kinder- und Jugendliteratur,Jugendbücher ab 12 Jahre,https://d-nb.info/1060409216/about/marcxml,https://d-nb.info/1060409216/about/bibframe,http://www.buchhandel.de/buch/9783570402979?MVB-Kennnummer=83426,,The messenger (dt.),,,,,,,
9783751200530,"Boie, Kirsten",2021,Dunkelnacht,Dunkelnacht,Verlag Friedrich Oetinger,K Kinder- und Jugendliteratur,EUR 13.00 (DE),https://d-nb.info/1217862854,Jugendbuch,Dunkelnacht / Kirsten Boie,"Boie, Kirsten (Verfasser)",Verlag Friedrich Oetinger (Hamburg) (Verlag),"Originalausgabe, 1. Auflage",Hamburg : Verlag Friedrich Oetinger,Erscheinungsdatum: [2021],"127 Seiten ; 21 cm, 225 g","Erscheint auch als Online-Ausgabe: Boie, Kirsten: Dunkelnacht","978-3-7512-0053-0 Festeinband : EUR 13.00 (DE), EUR 13.40 (AT)3-7512-0053-3",9783751200530,Deutsch (ger),In Beziehung stehende Ressource: ISBN: 9783789120190,Jugend, Keine Schlagwörter gefunden,K Kinder- und Jugendliteratur,Jugendbücher ab 12 Jahre,https://d-nb.info/1217862854/about/marcxml,https://d-nb.info/1217862854/about/bibframe,http://www.buchhandel.de/buch/9783751200530?MVB-Kennnummer=83426,Inhaltstext,,,,Bestellnummer: 8200530,,,,
9783982037844,"Haas, Ulrich",2025,Kardorfer Stausee im Illerwinkel,Titel nicht gefunden,Selbstverlag,Bildband ; Sachbuch,EUR 29.80 (DE),Link  not found,Inhalt nicht gefunden,Titel nicht gefunden,Personen nicht gefunden,Organisationen nicht gefunden,Ausgabe nicht gefunden,Verlag nicht gefunden,Erscheinungsdatum nicht gefunden,Format nicht gefunden,Keine weiteren Ausgaben gefunden,Preis nicht gefunden,9783982037844,Sprache nicht gefunden,Keine Beziehungen gefunden,Keine Zielgruppe gefunden, Keine Schlagwörter gefunden,Keine Sachgruppe gefunden,Gattung nicht gefunden,Link not found,Link not found,Link not found,,,,,,,,,
9783423220668,"Helford, Anna",2024,Season Sisters: Herbstschatten (Bd. 3),Season Sisters: Herbstschatten (Bd. 3),dtv,830 Deutsche Literatur ; B Belletristik,EUR 13.00 (DE),https://d-nb.info/1307081940,Fiktionale Darstellung,Herbstschatten : Roman / Anna Helford,"Helford, Anna (Verfasser)",Deutscher Taschenbuch-Verlag (München) (Verlag),Ausgabe nicht gefunden,München : dtv,Erscheinungsdatum: 2024,"367 Seiten ; 19 cm, 313 g",Erscheint auch als Online-Ausgabe: Season Sisters – Herbstschatten,"978-3-423-22066-8 Broschur : circa EUR 13.00 (DE), circa EUR 13.40 (AT), circa CHF 17.90 (freier Preis)3-423-22066-X",9783423220668,Deutsch (ger),"Helford, Anna: Season Sisters ;  3In Beziehung stehende Ressource: ISBN: 9783423220453In Beziehung stehende Ressource: ISBN: 9783423220590",Keine Zielgruppe gefunden, Keine Schlagwörter gefunden,830 Deutsche Literatur ; B Belletristik,Erzählende Literatur,https://d-nb.info/1307081940/about/marcxml,https://d-nb.info/1307081940/about/bibframe,http://www.buchhandel.de/buch/9783423220668?MVB-Kennnummer=83426,Inhaltstext,,,,,,,,
9783957346520,"Friedrichs, Jakob",2020,Ist das Gott oder kann das weg? Warum Ostern ein merk-würdiges Fest ist,Ist das Gott oder kann das weg?,Gerth Medien,"230 Theologie, Christentum",EUR 3.99 (DE),https://d-nb.info/1200953347,Inhalt nicht gefunden,Ist das Gott oder kann das weg? : warum Ostern ein merk-würdiges Fest ist / Jakob Friedrichs,"Friedrichs, Jakob (Verfasser)",Gerth Medien (Aßlar) (Verlag),1. Auflage,Aßlar : Gerth Medien,Erscheinungsdatum: 2020,93 Seiten ; 19 cm,"Erscheint auch als Online-Ausgabe: Friedrichs, Jakob: Ist das Gott oder kann das weg?","978-3-95734-652-0 Broschur : EUR 3.99 (DE), EUR 4.10 (AT), CHF 6.10 (freier Preis)3-95734-652-5",9783957346520,Deutsch (ger),Keine Beziehungen gefunden,Keine Zielgruppe gefunden, Keine Schlagwörter gefunden,"230 Theologie, Christentum",Gattung nicht gefunden,https://d-nb.info/1200953347/about/marcxml,https://d-nb.info/1200953347/about/bibframe,http://www.buchhandel.de/buch/9783957346520?MVB-Kennnummer=83426,InhaltstextInhaltsverzeichnis,,,,Bestellnummer: 817652,,,,
9783551803818,Nicke,2025,Beyond the clouds (Bd. 1),Nicke,Carlsen Manga!,Comic ; Manga,EUR 8.00 (DE),https://d-nb.info/1325608122,Comic,Nicke: Beyond the cloudsTeil: 1,Personen nicht gefunden,Organisationen nicht gefunden,1. Aufl.,Hamburg : Carlsen Manga!,Erscheinungsdatum: 2025,circa 212 Seiten ; 176 g,Erscheint auch als Online-Ausgabe: Beyond the Clouds 1,"978-3-551-80381-8 Broschur : EUR 8.00 (DE), EUR 8.30 (AT), CHF 11.90 (freier Preis)3-551-80381-1",9783551803818,"Deutsch (ger), Originalsprache(n): Japanisch (jpn)",Keine Beziehungen gefunden,Keine Zielgruppe gefunden, Keine Schlagwörter gefunden,Keine Sachgruppe gefunden,Gattung nicht gefunden,https://d-nb.info/1325608122/about/marcxml,https://d-nb.info/1325608122/about/bibframe,http://www.buchhandel.de/buch/9783551803818?MVB-Kennnummer=83426,InhaltstextInhaltsverzeichnis,,,,,,,,
9783401712789,"Dahle, Stefanie",2019,Rosa Rosenherz - ein Regenbogenpony für die Prinzessin,Rosa Rosenherz - ein Regenbogenpony für die Prinzessin,Arena,K Kinder- und Jugendliteratur,EUR 14.00 (DE),https://d-nb.info/1169502946,Bilderbuch,Rosa Rosenherz - ein Regenbogenpony für die Prinzessin / Stefanie Dahle,"Dahle, Stefanie (Verfasser, Künstler)",Arena-Verlag (Verlag),1. Auflage,Würzburg : Arena,Erscheinungsdatum: 2019,"24 ungezählte Seiten : Illustrationen ; 29 cm, 400 g",Keine weiteren Ausgaben gefunden,"978-3-401-71278-9 Festeinband : EUR 14.00 (DE), EUR 14.40 (AT), CHF 19.50 (freier Preis)3-401-71278-0",9783401712789,Deutsch (ger),In Beziehung stehende Ressource: ISBN: 9783401706290,Vorschulkind, Keine Schlagwörter gefunden,K Kinder- und Jugendliteratur,Erzählerische Bilderbücher,https://d-nb.info/1169502946/about/marcxml,https://d-nb.info/1169502946/about/bibframe,http://www.buchhandel.de/buch/9783401712789?MVB-Kennnummer=83426,Inhaltstext,,,,Bestellnummer: 71278,,,,
9783411093113,"Delafosse, Claude",1999,Am Himmel und im Weltall,Am Himmel und im Weltall,Meyers Lexikonverl.,07 Kinder- und Jugendliteratur,EUR 8.95 (DE),https://d-nb.info/956282628,Sachbilderbuch,Am Himmel und im Weltall / ausgedacht von Claude Delafosse. Ill. von Donald Grant. Übers. von Salah Naoura,"Delafosse, Claude (Mitwirkender)Grant, Donald (Mitwirkender)Naoura, Salah (Übersetzer)",Organisationen nicht gefunden,Ausgabe nicht gefunden,Mannheim ; Leipzig ; Wien ; Zürich : Meyers Lexikonverl.,Erscheinungsdatum: 1999,[38] S. : überw. Ill. ; 18 cm,Keine weiteren Ausgaben gefunden,"3-411-09311-0 Pp. : DM 9.90978-3-7373-7512-2 (Fischer Meyers) : EUR 8.95 (DE), EUR 9.20 (AT), sfr 13.50 (freier Pr.)",9783411093113,"Deutsch (ger), Originalsprache(n): Französisch (fre)",Meyers kleine Kinderbibliothek / Licht an ; 8,Vorschulkind,Weltall ; SachbilderbuchHimmel ; Sachbilderbuch,07 Kinder- und Jugendliteratur,Gattung nicht gefunden,https://d-nb.info/956282628/about/marcxml,https://d-nb.info/956282628/about/bibframe,http://www.buchhandel.de/buch/3411093110?MVB-Kennnummer=83426,,Le ciel et l'espace (dt.),,"Lizenz des Bibliogr. Inst. und F. A. Brockhaus, Mannheim",,,,,
9783411093717,"Delafosse, Claude",2002,Leben im Dschungel,Leben im Dschungel,Meyers Lexikonverl.,07 Kinder- und Jugendliteratur,EUR 7.90 (DE),https://d-nb.info/963846299,Sachbilderbuch,Leben im Dschungel / ausgedacht von Claude Delafosse. Ill. von Christian Broutin. Übers. von Eva-Maria Dreyer,"Delafosse, Claude (Mitwirkender)Broutin, Christian (Mitwirkender)Dreyer, Eva-Maria (Übersetzer)",Organisationen nicht gefunden,Ausgabe nicht gefunden,Mannheim ; Leipzig ; Wien ; Zürich : Meyers Lexikonverl.,Erscheinungsdatum: 2002,[28] S. : zahrl. Ill. ; 18 cm,Keine weiteren Ausgaben gefunden,"3-411-09371-4 Pp. spiralgeh. : EUR 7.90 (DE), EUR 8.20 (AT), sfr 14.60978-3-7373-7516-0 (Fischer Meyers) : EUR 8.95 (DE), EUR 9.20 (AT), sfr 13.50 (freier Pr.)",9783411093717,"Deutsch (ger), Originalsprache(n): Französisch (fre)",Die kleine Kinderbibliothek / Licht an ; 14,Vorschulkind,Dschungel ; Tiere ; Sachbilderbuch,07 Kinder- und Jugendliteratur,Gattung nicht gefunden,https://d-nb.info/963846299/about/marcxml,https://d-nb.info/963846299/about/bibframe,http://www.buchhandel.de/buch/3411093714?MVB-Kennnummer=83426,,La jungle (dt.),,,,,,,
9783888974489,"Hacke, Axel",2006,Der kleine Erziehungsberater,Der kleine Erziehungsberater,Kunstmann,640 Hauswirtschaft und Familienleben,EUR 9.90 (DE),https://d-nb.info/979558859,Erlebnisbericht,Der kleine Erziehungsberater / Axel Hacke. Mit Bildern von Michael Sowa,"Hacke, Axel (Verfasser)",Organisationen nicht gefunden,Ausgabe nicht gefunden,München : Kunstmann,Erscheinungsdatum: 2006,90 S. : Ill. ; 18 cm,"Erscheint auch als Online-Ausgabe: Hacke, Axel: Der kleine Erziehungsberater","978-3-88897-448-9 Pp. : EUR 9.90 (DE), EUR 10.20 (AT), sfr 17.903-88897-448-8 Pp. : EUR 9.90 (DE), EUR 10.20 (AT), sfr 17.90",9783888974489,Sprache nicht gefunden,Keine Beziehungen gefunden,Keine Zielgruppe gefunden,Familienerziehung ; Erlebnisbericht,640 Hauswirtschaft und Familienleben,Gattung nicht gefunden,https://d-nb.info/979558859/about/marcxml,https://d-nb.info/979558859/about/bibframe,http://www.buchhandel.de/buch/9783888974489?MVB-Kennnummer=83426,Inhaltstext,,,,,,,,
9783462051391,"Schorlau, Wolfgang",2024,Black Forest : Denglers elfter Fall (Bd. 11),Black Forest,Kiepenheuer & Witsch,830 Deutsche Literatur ; B Belletristik,EUR 18.00 (DE),https://d-nb.info/132583811X,Fiktionale Darstellung,Black Forest : Denglers elfter Fall / Wolfgang Schorlau,"Schorlau, Wolfgang (Verfasser)",Verlag Kiepenheuer & Witsch (Verlag),1. Auflage,Köln : Kiepenheuer & Witsch,Erscheinungsdatum: 2024,442 Seiten ; 22 cm,"Erscheint auch als: ISBN: 9783839821473Erscheint auch als: ISBN: 9783732421473Erscheint auch als Online-Ausgabe: Schorlau, Wolfgang: Black Forest","978-3-462-05139-1 Broschur : EUR 18.00 (DE), EUR 18.50 (AT)3-462-05139-3",9783462051391,Deutsch (ger),In Beziehung stehende Ressource: ISBN: 9783462002751In Beziehung stehende Ressource: ISBN: 9783462053364In Beziehung stehende Ressource: ISBN: 9783462049312In Beziehung stehende Ressource: ISBN: 9783462045475In Beziehung stehende Ressource: ISBN: 9783462042795In Beziehung stehende Ressource: ISBN: 9783462041323In Beziehung stehende Ressource: ISBN: 9783462039825In Beziehung stehende Ressource: ISBN: 9783462037487In Beziehung stehende Ressource: ISBN: 9783462036145In Beziehung stehende Ressource: ISBN: 9783462034790,Keine Zielgruppe gefunden, Keine Schlagwörter gefunden,830 Deutsche Literatur ; B Belletristik,"Krimis, Thriller, Spionage",https://d-nb.info/132583811X/about/marcxml,https://d-nb.info/132583811X/about/bibframe,http://www.buchhandel.de/buch/9783462051391?MVB-Kennnummer=83426,Inhaltstext,,,,,,,,
9783898594608,"Kettl-Römer, Barbara",2017,Allgäu mit Kindern : die 300 schönsten Ausflüge und Erlebnisse für Freizeit und Ferien,Allgäu mit Kindern,pmv Peter Meyer Verlag,"914.3 Geografie, Reisen (Deutschland)",EUR 16.95 (DE),https://d-nb.info/1122037813,Führer,Allgäu mit Kindern : die 300 schönsten Ausflüge und Erlebnisse für Freizeit und Ferien / von Barbara Kettl-Römer,"Kettl-Römer, Barbara (Verfasser)",pmv Peter Meyer Verlag (Verlag),1. Auflage,Saulheim i. Rheinhessen : pmv Peter Meyer Verlag,Erscheinungsdatum: [2017],"242 Seiten : Illustrationen, Karten ; 18 cm, 284 g",Keine weiteren Ausgaben gefunden,"978-3-89859-460-8 Broschur : EUR 16.95 (DE), EUR 17.43 (AT)3-89859-460-2",9783898594608,Deutsch (ger),Freizeitführer ... mit KindernIn Beziehung stehende Ressource: ISBN: 9783898594615,Keine Zielgruppe gefunden,Allgäu,"914.3 Geografie, Reisen (Deutschland)",Gattung nicht gefunden,https://d-nb.info/1122037813/about/marcxml,https://d-nb.info/1122037813/about/bibframe,http://www.buchhandel.de/buch/9783898594608?MVB-Kennnummer=83426,Ausführliche BeschreibungInhaltsverzeichnis,,,,,914.337104 [DDC22ger],,,
9783401607047,"Wege, Bianca",2023,Today I'll talk to him (Bd. 1),Today I'll talk to him,Arena,K Kinder- und Jugendliteratur,EUR 18.00 (DE),https://d-nb.info/1283764687,Jugendbuch,Today I'll talk to him / Bianca Wege,"Wege, Bianca (Verfasser)",Arena-Verlag (Verlag),1. Auflage,Würzburg : Arena,Erscheinungsdatum: 2023,383 Seiten ; 21 cm,"Erscheint auch als Online-Ausgabe: Wege, Bianca: Today I'll Talk to Him","978-3-401-60704-7 Broschur : EUR 18.00 (DE), EUR 18.50 (AT), CHF 24.50 (freier Preis)3-401-60704-9",9783401607047,Deutsch (ger),Keine Beziehungen gefunden,Jugend,Weibliche Jugend* ; Männliche Jugend* ; Erste Liebe* (*maschinell ermittelt),K Kinder- und Jugendliteratur,Jugendbücher ab 12 Jahre,https://d-nb.info/1283764687/about/marcxml,https://d-nb.info/1283764687/about/bibframe,http://www.buchhandel.de/buch/9783401607047?MVB-Kennnummer=83426,Inhaltstext,,"Gefolgt von: Wege, Bianca: Today I'll steal his heart",,Bestellnummer: 60704,,Abweichender Titel: I'll talk to him,,
9783788620554,"Meyer, Till",2013,Wölfe : im Revier der grauen Jäger,Wölfe,Tessloff,K Kinder- und Jugendliteratur,EUR 9.95 (DE),https://d-nb.info/1034508164,Kindersachbuch,Wölfe : im Revier der grauen Jäger / Till Meyer,"Meyer, Till (Mitwirkender)",Organisationen nicht gefunden,Ausgabe nicht gefunden,Nürnberg : Tessloff,Erscheinungsdatum: 2013,"48 S. : überw. Ill., Kt. ; 28 cm",Keine weiteren Ausgaben gefunden,"978-3-7886-2055-4 Pp. : EUR 9.95 (DE), EUR 10.30 (AT)",9783788620554,Deutsch (ger),Was ist was ; Bd. 104,Kind,Wolf ; Kindersachbuch,K Kinder- und Jugendliteratur,Sachbücher und Sachbilderbücher für Kinder und Jugendliche,https://d-nb.info/1034508164/about/marcxml,https://d-nb.info/1034508164/about/bibframe,http://www.buchhandel.de/buch/9783788620554?MVB-Kennnummer=83426,Inhaltsverzeichnis,,,,,,,,
9783570178348,"Schröder, Patricia",2021,Sophie im Land der Zauberponys,Sophie im Land der Zauberponys,cbj,K Kinder- und Jugendliteratur,EUR 8.00 (DE),https://d-nb.info/1220718254,Kinderbuch,Sophie im Land der Zauberponys / Patricia Schröder ; mit Bildern von Silke Voigt,"Schröder, Patricia (Verfasser)Voigt, Silke (Illustrator)",cbj (Verlag),1. Auflage,München : cbj,Erscheinungsdatum: 2021,"79 Seiten : Illustrationen ; 22 cm, 359 g",Erscheint auch als Druck-Ausgabe: ISBN: 9783570139219Erscheint auch als Online-Ausgabe: ISBN: 9783641041878,"978-3-570-17834-8 Festeinband : circa EUR 8.00 (DE), circa EUR 8.30 (AT), circa CHF 11.61, circa CHF 11.90 (freier Preis)3-570-17834-X",9783570178348,Deutsch (ger),"Erst ich ein Stück, dann duIn Beziehung stehende Ressource: ISBN: 9783570178317In Beziehung stehende Ressource: ISBN: 9783570178324In Beziehung stehende Ressource: ISBN: 9783570178331In Beziehung stehende Ressource: ISBN: 9783570178799In Beziehung stehende Ressource: ISBN: 9783570178904",Leseanfänger,Schulanfänger* (*maschinell ermittelt),K Kinder- und Jugendliteratur,"Erstlesealter, Vorschulalter",https://d-nb.info/1220718254/about/marcxml,https://d-nb.info/1220718254/about/bibframe,http://www.buchhandel.de/buch/9783570178348?MVB-Kennnummer=83426,InhaltstextInhaltsverzeichnis,,Vorangegangen ist: ISBN: 9783570139219,,,,,,
9783743210455,"Scrivan, Maria",2022,Nicht genug (Bd. 1),Nicht genug,Loewe,K Kinder- und Jugendliteratur,EUR 15.00 (DE),https://d-nb.info/1246770105,ComicKinderbuch,Nicht genug / Maria Scrivan ; aus dem Amerikanischen übersetzt von Harriet Fricke,"Scrivan, Maria (Verfasser, Künstler)Fricke, Harriet (Übersetzer)",Loewe Verlag GmbH (Verlag)Loewe Graphix (Herausgebendes Organ),1. Auflage,Bindlach : Loewe,Erscheinungsdatum: 2022,"238 Seiten ; 22 cm, 682 g",Erscheint auch als Online-Ausgabe: nICHt genug (nICHt genug-Reihe - Band 1)Erscheint auch als Online-Ausgabe: ISBN: 9783732017676Erscheint auch als Online-Ausgabe: ISBN: 9783732017683Erscheint auch als Online-Ausgabe: ISBN: 9783732017690,"978-3-7432-1045-5 Festeinband : EUR 15.00 (DE), EUR 15.50 (AT)3-7432-1045-2",9783743210455,"Deutsch (ger), Originalsprache(n): Englisch (eng)",Loewe Graphix,Kind,Ausgrenzung* ; Freund* ; Mobbing* ; Selbstwertgefühl* ; Selbstbewusstsein* (*maschinell ermittelt),K Kinder- und Jugendliteratur,Kinderbücher bis 11 Jahre,https://d-nb.info/1246770105/about/marcxml,https://d-nb.info/1246770105/about/bibframe,http://www.buchhandel.de/buch/9783743210455?MVB-Kennnummer=83426,InhaltstextInhaltsverzeichnis,Nat enough,"Fortgesetzt durch Band 2: Scrivan, Maria: Vergiss mich nicht",,,,,,
9783423709132,"Brooks, Kevin",2005,Lucas,Lucas,Dt. Taschenbuch-Verl.,K Kinder- und Jugendliteratur,EUR 12.00 (DE),https://d-nb.info/971251096,Jugendbuch,Lucas : Roman / Kevin Brooks. Aus dem Engl. von Uwe-Michael Gutzschhahn,"Brooks, Kevin (Verfasser)",Organisationen nicht gefunden,Dt. Erstausg.,München : Dt. Taschenbuch-Verl.,Erscheinungsdatum: 2005,447 S. ; 20 cm,Keine weiteren Ausgaben gefunden,"978-3-423-70913-2 kart. : EUR 12.00, sfr 21.103-423-70913-8 kart. : EUR 12.00, sfr 21.10",9783423709132,"Deutsch (ger), Originalsprache(n): Englisch (eng)",dtv ; 70913 : Extra,Jugend,Insel ; Männliche Jugend ; Fremder ; Einheimischer ; Vorurteil ; Jugendbuch,K Kinder- und Jugendliteratur,Jugendbücher ab 12 Jahre,https://d-nb.info/971251096/about/marcxml,https://d-nb.info/971251096/about/bibframe,http://www.buchhandel.de/buch/9783423709132?MVB-Kennnummer=83426,,Lucas (dt.),,,,,,,
9783772475146,"Behnke, Benjamin",2014,Trick 17 : 365 geniale Alltagstipps,Trick 17,Frech,"640 Hauswirtschaft und Familienleben ; 740 Grafik, angewandte Kunst",EUR 17.00 (DE),https://d-nb.info/1050886372,Ratgeber,Trick 17 : 365 geniale Alltagstipps : Lifehacks für alle Lebenslagen / Benjamin Behnke und Kai Daniel Du. [Ill.: Rosenrot],"Behnke, Benjamin (Mitwirkender)Du, Kai Daniel (Mitwirkender)",Rosenrot (Berlin) (Herausgebendes Organ),1. Aufl.,Stuttgart : Frech,Erscheinungsdatum: 2014,400 S. : zahlr. Ill. ; 21 cm,"Erscheint auch als Online-Ausgabe: Behnke, Benjamin: Trick 17","978-3-7724-7514-6 kart. : EUR 17.00 (DE), EUR 17.50 (AT), sfr 24.50 (freier Pr.)",9783772475146,Deutsch (ger),Topp,Keine Zielgruppe gefunden, Keine Schlagwörter gefunden,"640 Hauswirtschaft und Familienleben ; 740 Grafik, angewandte Kunst",Gattung nicht gefunden,https://d-nb.info/1050886372/about/marcxml,https://d-nb.info/1050886372/about/bibframe,http://www.buchhandel.de/buch/9783772475146?MVB-Kennnummer=83426,Inhaltsverzeichnis,,,,7514,640.41 [DDC22ger],,,
9783809026846,"Edvardsson, Mattias",2019,Der unschuldige Mörder,Der unschuldige Mörder,Limes,839 Literatur in anderen germanischen Sprachen ; B Belletristik,EUR 15.00 (DE),https://d-nb.info/1187049174,Fiktionale Darstellung,Der unschuldige Mörder : Roman / Mattias Edvardsson ; Deutsch von Annika Krummacher,"Edvardsson, Mattias (Verfasser)Krummacher, Annika (Übersetzer)",Limes Verlag (Verlag),1. Auflage,München : Limes,Erscheinungsdatum: [2019],"458 Seiten ; 22 cm, 564 g","Erscheint auch als: ISBN: 9783837149227Erscheint auch als: ISBN: 9783837149241Erscheint auch als: ISBN: 9783837149234Erscheint auch als Online-Ausgabe: Edvardsson, Mattias: Der unschuldige Mörder","978-3-8090-2684-6 Broschur : circa EUR 15.00 (DE), circa EUR 15.50 (AT), circa CHF 21.90 (freier Preis)3-8090-2684-0",9783809026846,"Deutsch (ger), Originalsprache(n): Schwedisch (swe)",In Beziehung stehende Ressource: ISBN: 9783809027058,Keine Zielgruppe gefunden, Keine Schlagwörter gefunden,839 Literatur in anderen germanischen Sprachen ; B Belletristik,"Krimis, Thriller, Spionage",https://d-nb.info/1187049174/about/marcxml,https://d-nb.info/1187049174/about/bibframe,http://www.buchhandel.de/buch/9783809026846?MVB-Kennnummer=83426,Inhaltstext,En nästan sann historia,,,,,,,
9783328104063,"Nikolai, Maria",2019,Die Schokoladenvilla - goldene Jahre (Bd. 2),Die Schokoladenvilla - goldene Jahre,Penguin Verlag,830 Deutsche Literatur ; B Belletristik,EUR 10.00 (DE),https://d-nb.info/118123137X,Fiktionale Darstellung,Die Schokoladenvilla - goldene Jahre / Maria Nikolai,"Nikolai, Maria (Verfasser)",Organisationen nicht gefunden,1. Auflage,München : Penguin Verlag,Erscheinungsdatum: 2019,718 Seiten ; 19 cm,"Erscheint auch als: ISBN: 9783844535532Erscheint auch als: ISBN: 9783844535082Erscheint auch als: ISBN: 9783844535693Erscheint auch als Online-Ausgabe: Nikolai, Maria: Die Schokoladenvilla – Goldene Jahre","978-3-328-10406-3 Broschur : circa EUR 10.00 (DE), circa EUR 10.30 (AT), circa CHF 14.50 (freier Preis)3-328-10406-2",9783328104063,Deutsch (ger),In Beziehung stehende Ressource: ISBN: 9783328103226In Beziehung stehende Ressource: ISBN: 9783844535532,Keine Zielgruppe gefunden, Keine Schlagwörter gefunden,830 Deutsche Literatur ; B Belletristik,Erzählende Literatur,https://d-nb.info/118123137X/about/marcxml,https://d-nb.info/118123137X/about/bibframe,http://www.buchhandel.de/buch/9783328104063?MVB-Kennnummer=83426,Inhaltstext,,,,,,,,
9783462006278,"Schorlau, Wolfgang",2024,Falsche Freunde : Commissario Morello ermittelt in Venedig,Falsche Freunde,Kiepenheuer & Witsch,830 Deutsche Literatur ; B Belletristik,EUR 12.00 (DE),https://d-nb.info/1305821300,Fiktionale Darstellung,"Falsche Freunde : Commissario Morello ermittelt in Venedig / Wolfgang Schorlau, Claudio Caiolo","Schorlau, Wolfgang (Verfasser)Caiolo, Claudio (Verfasser)",Verlag Kiepenheuer & Witsch (Verlag),1. Auflage,Köln : Kiepenheuer & Witsch,Erscheinungsdatum: 2024,"340 Seiten ; 19 cm, 303 g",Erscheint auch als Druck-Ausgabe: ISBN: 9783462003031Erscheint auch als Online-Ausgabe: ISBN: 9783462304909,"978-3-462-00627-8 Broschur : EUR 12.00 (DE), EUR 12.40 (AT)3-462-00627-4",9783462006278,Deutsch (ger),KiWi ; 1938In Beziehung stehende Ressource: ISBN: 9783462001471In Beziehung stehende Ressource: ISBN: 9783462002768,Keine Zielgruppe gefunden, Keine Schlagwörter gefunden,830 Deutsche Literatur ; B Belletristik,"Krimis, Thriller, Spionage",https://d-nb.info/1305821300/about/marcxml,https://d-nb.info/1305821300/about/bibframe,http://www.buchhandel.de/buch/9783462006278?MVB-Kennnummer=83426,InhaltstextInhaltsverzeichnis,,,,,,,,
9783757102012,"Grolik, Markus",2025,"Fluffy und Robocat - Vorsicht, Kung-Fu-Küken! (Bd. 1)","Fluffy und Robocat - Vorsicht, Kung-Fu-Küken!",rotfuchs,K Kinder- und Jugendliteratur,EUR 12.90 (DE),https://d-nb.info/1345093039,KinderbuchComic,"Fluffy und Robocat - Vorsicht, Kung-Fu-Küken! / Markus Grolik","Grolik, Markus (Verfasser, Künstler)",Organisationen nicht gefunden,Ausgabe nicht gefunden,Frankfurt am Main : rotfuchs,Erscheinungsdatum: 2025,"156 Seiten ; 23 cm, 358 g",Erscheint auch als Online-Ausgabe: ISBN: 9783733608842,"978-3-7571-0201-2 Festeinband : EUR 12.90 (DE), EUR 13.30 (AT)3-7571-0201-0",9783757102012,Deutsch (ger),Keine Beziehungen gefunden,Kind,Junge* ; Superheld* (*maschinell ermittelt),K Kinder- und Jugendliteratur,Kinderbücher bis 11 Jahre,https://d-nb.info/1345093039/about/marcxml,https://d-nb.info/1345093039/about/bibframe,http://www.buchhandel.de/buch/9783757102012?MVB-Kennnummer=83426,Inhaltstext,,,,,,,,
9783426791585,"Uhlig, Elena",2025,50 ist kein Tempolimit,50 ist kein Tempolimit,Knaur,150 Psychologie,EUR 18.00 (DE),https://d-nb.info/1362780782,Inhalt nicht gefunden,50 ist kein Tempolimit / Elena Uhlig mit Nicolle Hofman,"Uhlig, Elena (Verfasser)Hofman, Nicolle (Verfasser)",Knaur Taschenbuch (Verlag),Originalausgabe,München : Knaur,Erscheinungsdatum: Juli 2025,"217 Seiten ; 21 cm, 272 g","Erscheint auch als Online-Ausgabe: Uhlig, Elena: 50 ist kein TempolimitErscheint auch als: ISBN: 9783732484287","978-3-426-79158-5 Broschur : EUR 18.00 (DE), EUR 18.50 (AT)3-426-79158-7",9783426791585,Deutsch (ger),Keine Beziehungen gefunden,Keine Zielgruppe gefunden, Keine Schlagwörter gefunden,150 Psychologie,Gattung nicht gefunden,https://d-nb.info/1362780782/about/marcxml,https://d-nb.info/1362780782/about/bibframe,http://www.buchhandel.de/buch/9783426791585?MVB-Kennnummer=83426,InhaltstextInhaltstext,,,,,,,,
9783442483341,"Sund, Erik",2020,Puppentod (Bd. 2),Puppentod,Goldmann,839 Literatur in anderen germanischen Sprachen ; B Belletristik,EUR 12.99 (DE),https://d-nb.info/1181230829,Fiktionale Darstellung,Puppentod : Psychothriller / Erik Axl Sund ; aus dem Schwedischen von Nike Karen Müller,"Sund, Erik Axl (Verfasser)Müller, Nike Karen (Übersetzer)",Organisationen nicht gefunden,"1. Auflage, Deutsche Erstausgabe",München : Goldmann,Erscheinungsdatum: April 2020,"476 Seiten ; 21 cm, 544 g","Erscheint auch als: ISBN: 9783844535747Erscheint auch als: ISBN: 9783844535860Erscheint auch als: ISBN: 9783844535853Erscheint auch als Online-Ausgabe: Sund, Erik Axl: Puppentod","978-3-442-48334-1 Broschur : circa EUR 12.99 (DE), circa EUR 13.40 (AT), circa CHF 18.90 (freier Preis)3-442-48334-4",9783442483341,"Deutsch (ger), Originalsprache(n): Schwedisch (swe)","Sund, Erik Axl: Band ... der Kronoberg-Reihe ; Band 2In Beziehung stehende Ressource: ISBN: 9783442483334",Keine Zielgruppe gefunden, Keine Schlagwörter gefunden,839 Literatur in anderen germanischen Sprachen ; B Belletristik,"Krimis, Thriller, Spionage",https://d-nb.info/1181230829/about/marcxml,https://d-nb.info/1181230829/about/bibframe,http://www.buchhandel.de/buch/9783442483341?MVB-Kennnummer=83426,Inhaltstext,Grå melankoli,,,,,,,
9783442483358,"Sund, Erik",2023,Waldgrab (Bd. 3),Waldgrab,Goldmann,839 Literatur in anderen germanischen Sprachen ; B Belletristik,EUR 15.00 (DE),https://d-nb.info/125468638X,Fiktionale Darstellung,Waldgrab : Psychothriller / Erik Axl Sund ; aus dem Schwedischen von Nike Karen Müller,"Sund, Erik Axl (Verfasser)Müller, Nike Karen (Übersetzer)",Organisationen nicht gefunden,"1. Auflage, deutsche Erstveröffentlichung",München : Goldmann,Erscheinungsdatum: Januar 2023,"492 Seiten ; 21 cm, 562 g","Erscheint auch als Online-Ausgabe: Sund, Erik Axl: WaldgrabErscheint auch als: ISBN: 9783844546736","978-3-442-48335-8 Broschur : EUR 15.00 (DE), EUR 15.50 (AT), circa CHF 21.90 (freier Preis)3-442-48335-2",9783442483358,"Deutsch (ger), Originalsprache(n): Schwedisch (swe)","Sund, Erik Axl: Band ... der Kronoberg-Reihe ; Band 3In Beziehung stehende Ressource: ISBN: 9783442483334In Beziehung stehende Ressource: ISBN: 9783442483341",Keine Zielgruppe gefunden, Keine Schlagwörter gefunden,839 Literatur in anderen germanischen Sprachen ; B Belletristik,"Krimis, Thriller, Spionage",https://d-nb.info/125468638X/about/marcxml,https://d-nb.info/125468638X/about/bibframe,http://www.buchhandel.de/buch/9783442483358?MVB-Kennnummer=83426,Inhaltstext,Otid,,,,,,,
9783328111245,"Harari, Yuval",2024,Sapiens : eine kurze Geschichte der Menschheit,Sapiens,Penguin Verlag,"300 Sozialwissenschaften, Soziologie, Anthropologie ; 900 Geschichte",EUR 13.00 (DE),https://d-nb.info/1297753658,Inhalt nicht gefunden,Sapiens : eine kurze Geschichte der Menschheit / Yuval Noah Harari ; aus dem Englischen von Jürgen Neubauer,"Harari, Yuval Noaḥ (Verfasser)Neubauer, Jürgen (Übersetzer)",Organisationen nicht gefunden,1. Auflage,München : Penguin Verlag,Erscheinungsdatum: [2024],"526 Seiten : Illustrationen ; 19 cm, 363 g",Erscheint auch als Online-Ausgabe: ISBN: 9783641104986Erscheint auch als Druck-Ausgabe: ISBN: 9783421048554Erscheint auch als Druck-Ausgabe: ISBN: 9783570552698Erscheint auch als: ISBN: 9783844512441Erscheint auch als: ISBN: 9783844513127Erscheint auch als Online-Ausgabe: ISBN: 9783641319236,"978-3-328-11124-5 Broschur : circa EUR 13.00 (DE), circa EUR 13.40 (AT), circa CHF 18.05, circa CHF 18.50 (freier Preis)3-328-11124-7",9783328111245,"Deutsch (ger), Originalsprache(n): Hebräisch (heb)",In Beziehung stehende Ressource: ISBN: 9783328102878In Beziehung stehende Ressource: ISBN: 9783421048554In Beziehung stehende Ressource: ISBN: 9783570552698,Keine Zielgruppe gefunden,Menschheit ; Kulturelle Evolution ; Kognitive Entwicklung ; Geschichte,"300 Sozialwissenschaften, Soziologie, Anthropologie ; 900 Geschichte",Gattung nicht gefunden,https://d-nb.info/1297753658/about/marcxml,https://d-nb.info/1297753658/about/bibframe,http://www.buchhandel.de/buch/9783328111245?MVB-Kennnummer=83426,InhaltstextInhaltsverzeichnis,"Harari, Yuval Noaḥ: Ḳitsur toldot ha-enoshut",Vorangegangen ist: ISBN: 9783328102878,,,306.09 [DDC22ger],,,
9783423284783,"Behm, Martina",2025,Hier draußen,Hier draußen,dtv,830 Deutsche Literatur ; B Belletristik,EUR 24.00 (DE),https://d-nb.info/1345843925,Fiktionale Darstellung,Hier draußen : Roman / Martina Behm,"Behm, Martina (Verfasser)",Deutscher Taschenbuch-Verlag (München) (Verlag),Ausgabe nicht gefunden,München : dtv,Erscheinungsdatum: [2025],"490 Seiten ; 21 cm, 594 g","Erscheint auch als Druck-Ausgabe: ISBN: 9783423284714Erscheint auch als Online-Ausgabe: ISBN: 9783423492683Erscheint auch als Online-Ausgabe: Behm, Martina: Hier draußen","978-3-423-28478-3 Festeinband : circa EUR 24.00 (DE), circa EUR 24.70 (AT), circa CHF 32.50 (freier Preis)3-423-28478-1",9783423284783,Deutsch (ger),Keine Beziehungen gefunden,Keine Zielgruppe gefunden, Keine Schlagwörter gefunden,830 Deutsche Literatur ; B Belletristik,Erzählende Literatur,https://d-nb.info/1345843925/about/marcxml,https://d-nb.info/1345843925/about/bibframe,http://www.buchhandel.de/buch/9783423284783?MVB-Kennnummer=83426,InhaltstextInhaltsverzeichnis,,,,,,,,
9783328104070,"Nikolai, Maria",2020,Die Schokoladenvilla - Zeit des Schicksals (Bd. 3),Die Schokoladenvilla - Zeit des Schicksals,Penguin Verlag,830 Deutsche Literatur ; B Belletristik,EUR 11.00 (DE),https://d-nb.info/1207859702,Fiktionale Darstellung,Die Schokoladenvilla - Zeit des Schicksals / Maria Nikolai,"Nikolai, Maria (Verfasser)",Organisationen nicht gefunden,1. Auflage,München : Penguin Verlag,Erscheinungsdatum: 2020,"638 Seiten ; 19 cm, 536 g","Erscheint auch als Online-Ausgabe: Nikolai, Maria: Die Schokoladenvilla - Zeit des Schicksals. Die Vorgeschichte zu Band 3Erscheint auch als Online-Ausgabe: ISBN: 9783641237295Erscheint auch als: ISBN: 9783844539813","978-3-328-10407-0 Broschur : circa EUR 11.00 (DE), circa EUR 11.40 (AT), circa CHF 16.90 (freier Preis)3-328-10407-0",9783328104070,Deutsch (ger),In Beziehung stehende Ressource: ISBN: 9783328103226In Beziehung stehende Ressource: ISBN: 9783328104063,Keine Zielgruppe gefunden, Keine Schlagwörter gefunden,830 Deutsche Literatur ; B Belletristik,Erzählende Literatur,https://d-nb.info/1207859702/about/marcxml,https://d-nb.info/1207859702/about/bibframe,http://www.buchhandel.de/buch/9783328104070?MVB-Kennnummer=83426,Inhaltstext,,,,,,,,
9783440179741,"Eschbach, Andreas",2025,Die Auferstehung,Die Auferstehung,Kosmos,830 Deutsche Literatur ; B Belletristik,EUR 24.00 (DE),https://d-nb.info/1361482036,Fiktionale Darstellung,Die Auferstehung : Roman / Andreas Eschbach,"Eschbach, Andreas (Verfasser)",Kosmos Verlag (Verlag),Ausgabe nicht gefunden,Stuttgart : Kosmos,Erscheinungsdatum: [2025],442 Seiten ; 22 cm,"Erscheint auch als Online-Ausgabe: Eschbach, Andreas: Die Auferstehung","978-3-440-17974-1 Festeinband : EUR 24.00 (DE), EUR 24.70 (AT), CHF 32.90 (freier Preis)3-440-17974-5",9783440179741,Deutsch (ger),Keine Beziehungen gefunden,Keine Zielgruppe gefunden, Keine Schlagwörter gefunden,830 Deutsche Literatur ; B Belletristik,"Krimis, Thriller, Spionage",https://d-nb.info/1361482036/about/marcxml,https://d-nb.info/1361482036/about/bibframe,http://www.buchhandel.de/buch/9783440179741?MVB-Kennnummer=83426,Inhaltstext,,,,Bestellnummer 17974,,Abweichender Titel: ??? - die Auferstehung,,
9783498002787,"Kling, Marc-Uwe",2024,Normal und die Zero Heroes (Bd. 1),"Kling, Marc-Uwe",Rowohlt Hundert Augen,"741.5 Comics, Cartoons, Karikaturen",EUR 25.00 (DE),https://d-nb.info/1336853514,Comic,"Kling, Marc-Uwe: Normal und die Zero HeroesTeil: 1",Personen nicht gefunden,Organisationen nicht gefunden,Originalausgabe,Hamburg : Rowohlt Hundert Augen,Erscheinungsdatum: [2024],207 Seiten ; 636 g,Erscheint auch als Online-Ausgabe: ISBN: 9783644011960,"978-3-498-00278-7 Festeinband : EUR 25.00 (DE), EUR 25.70 (AT)3-498-00278-3",9783498002787,Deutsch (ger),Keine Beziehungen gefunden,Keine Zielgruppe gefunden, Keine Schlagwörter gefunden,"741.5 Comics, Cartoons, Karikaturen",Gattung nicht gefunden,https://d-nb.info/1336853514/about/marcxml,https://d-nb.info/1336853514/about/bibframe,http://www.buchhandel.de/buch/9783498002787?MVB-Kennnummer=83426,Inhaltstext,,,,,,,,
9783789109539,"Boie, Kirsten",2019,"Vom Fuchs, der ein Reh sein wollte","Vom Fuchs, der ein Reh sein wollte",Verlag Friedrich Oetinger,K Kinder- und Jugendliteratur,EUR 16.00 (DE),https://d-nb.info/1168343151,Kinderbuch,"Vom Fuchs, der ein Reh sein wollte / Kirsten Boie","Boie, Kirsten (Verfasser)Scholz, Barbara (Illustrator)",Verlag Friedrich Oetinger (Hamburg) (Verlag),Ausgabe nicht gefunden,Hamburg : Verlag Friedrich Oetinger,Erscheinungsdatum: [2019],187 Seiten : Illustrationen ; 24 cm,"Erscheint auch als Online-Ausgabe: Boie, Kirsten: Vom Fuchs, der ein Reh sein wollte","978-3-7891-0953-9 Festeinband : EUR 16.00 (DE), EUR 16.50 (AT)3-7891-0953-3",9783789109539,Deutsch (ger),In Beziehung stehende Ressource: ISBN: 9783789131639In Beziehung stehende Ressource: ISBN: 9783789131806In Beziehung stehende Ressource: ISBN: 9783789108839,Kind, Keine Schlagwörter gefunden,K Kinder- und Jugendliteratur,Kinderbücher bis 11 Jahre,https://d-nb.info/1168343151/about/marcxml,https://d-nb.info/1168343151/about/bibframe,http://www.buchhandel.de/buch/9783789109539?MVB-Kennnummer=83426,Inhaltstext,,,,Bestellnummer: 1209539,,,,
9783473492954,"Tober, Heike",2024,"tiptoi: Wir erkunden den Weltraum : Wissen, Geschichten und Spiele",Wir erkunden den Weltraum,Ravensburger Verlag GmbH,K Kinder- und Jugendliteratur,EUR 19.99 (DE),https://d-nb.info/1317081099,Sachbilderbuch,"Wir erkunden den Weltraum : Wissen, Geschichten und Spiele / Text: Heike Tober ; Illustration: Stefan Lohr","Tober, Heike (Verfasser)Lohr, Stefan (Künstler)",Ravensburger Buchverlag Otto Maier (Verlag),Ausgabe nicht gefunden,Ravensburg : Ravensburger Verlag GmbH,Erscheinungsdatum: [2024],"16 ungezählte Seiten ; 28 cm, 500 g",Keine weiteren Ausgaben gefunden,"978-3-473-49295-4 Spiralbindung : EUR 19.99 (DE), EUR 20.60 (AT), CHF 27.90 (freier Preis)3-473-49295-7",9783473492954,Deutsch (ger),Wieso? Weshalb? Warum?Tiptoi® das spielerische Lernsystem,Kind, Keine Schlagwörter gefunden,K Kinder- und Jugendliteratur,"Sachbücher und Sachbilderbücher für Kinder und Jugendliche: Naturwissenschaft, Technik",https://d-nb.info/1317081099/about/marcxml,https://d-nb.info/1317081099/about/bibframe,http://www.buchhandel.de/buch/9783473492954?MVB-Kennnummer=83426,Inhaltstext,,,"4-7 Jahre""Nur mit original tiptoi® Stift spielbar"" - Umschlag",Bestellnummer: 49295,,,,
9783743211179,"Young, Pippa",2021,Große Sorge um Sternchen,Große Sorge um Sternchen,Loewe,K Kinder- und Jugendliteratur,EUR 7.95 (DE),https://d-nb.info/1232840939,Kinderbuch,Große Sorge um Sternchen / Pippa Young ; aus dem Englischen übersetzt von Sandra Margineanu ; illustriert von Saeta Hernando,"Young, Pippa (Verfasser)Margineanu, Sandra (Übersetzer)Hernando, Saeta (Illustrator)",Loewe Verlag GmbH (Verlag)Loewe Kinderbücher (Herausgebendes Organ),1. Auflage,Bindlach : Loewe,Erscheinungsdatum: 2021,"126 Seiten : Illustrationen ; 20 cm, 262 g","Erscheint auch als Online-Ausgabe: Young, Pippa: Ponyhof Apfelblüte (Band 18) - Große Sorge um Sternchen","978-3-7432-1117-9 Festeinband : EUR 7.95 (DE), EUR 8.20 (AT)3-7432-1117-3",9783743211179,"Deutsch (ger), Originalsprache(n): Englisch (eng)","Young, Pippa: Ponyhof Apfelblüte ; Band 18",Kind,Pferd* ; Reiterin* ; Reitpferd* ; Reiterhof* ; Pony* (*maschinell ermittelt),K Kinder- und Jugendliteratur,Kinderbücher bis 11 Jahre,https://d-nb.info/1232840939/about/marcxml,https://d-nb.info/1232840939/about/bibframe,http://www.buchhandel.de/buch/9783743211179?MVB-Kennnummer=83426,Inhaltsverzeichnis,,,,,,,,
9783423220590,"Helford, Anna",2024,Season Sisters: Sommerstürme (Bd. 2),Sommerstürme,dtv,830 Deutsche Literatur ; B Belletristik,EUR 13.00 (DE),https://d-nb.info/130693253X,Fiktionale Darstellung,Sommerstürme : Roman / Anna Helford,"Helford, Anna (Verfasser)",Deutscher Taschenbuch-Verlag (München) (Verlag),Originalausgabe,München : dtv,Erscheinungsdatum: 2024,"432 Seiten ; 20 cm, 360 g","Erscheint auch als Online-Ausgabe: Helford, Anna: Season Sisters – Sommerstürme","978-3-423-22059-0 Broschur : circa EUR 13.00 (DE), circa EUR 13.40 (AT), circa CHF 17.90 (freier Preis)3-423-22059-7",9783423220590,Deutsch (ger),"Helford, Anna: Season Sisters",Keine Zielgruppe gefunden, Keine Schlagwörter gefunden,830 Deutsche Literatur ; B Belletristik,Erzählende Literatur,https://d-nb.info/130693253X/about/marcxml,https://d-nb.info/130693253X/about/bibframe,http://www.buchhandel.de/buch/9783423220590?MVB-Kennnummer=83426,Inhaltstext,,,,,,,,
9783864894091,"Plöger, Sven",2023,"Zieht euch warm an, es wird noch heißer!","Zieht euch warm an, es wird noch heißer!",Westend,"360 Soziale Probleme, Sozialdienste, Versicherungen ; 333.7 Natürliche Ressourcen, Energie und Umwelt ; 550 Geowissenschaften",EUR 22.00 (DE),https://d-nb.info/1273364120,Inhalt nicht gefunden,"Zieht euch warm an, es wird noch heißer! : können wir den Klimawandel noch beherrschen? / Sven Plöger und Andreas Schlumberger","Plöger, Sven (Verfasser)Schlumberger, Andreas (Verfasser)Hirschhausen, Eckart von (Verfasser)",Westend-Verlag (Verlag),"1. Auflage, komplett überarbeitete und erweiterte Neuausgabe",Frankfurt/Main : Westend,Erscheinungsdatum: 2023,366 Seiten ; 22 cm,Erscheint auch als Online-Ausgabe: ISBN: 9783987910111,"978-3-86489-409-1 Broschur : EUR 22.00 (DE), EUR 22.70 (AT)3-86489-409-3",9783864894091,Deutsch (ger),In Beziehung stehende Ressource: ISBN: 9783864894091,Keine Zielgruppe gefunden,Klimaänderung ; Erwärmung <Meteorologie> ; Klimaschutz ; Nachhaltigkeit ; Zukunft,"360 Soziale Probleme, Sozialdienste, Versicherungen ; 333.7 Natürliche Ressourcen, Energie und Umwelt ; 550 Geowissenschaften",Gattung nicht gefunden,https://d-nb.info/1273364120/about/marcxml,https://d-nb.info/1273364120/about/bibframe,http://www.buchhandel.de/buch/9783864894091?MVB-Kennnummer=83426,Inhaltsverzeichnis,"Zieht euch warm an, es wird heiss!",,,,363.73874 [DDC23ger],,,
9783455019285,"Swanberg, Johanna",2025,Sommer ohne Plan,Sommer ohne Plan,Hoffmann und Campe,839 Literatur in anderen germanischen Sprachen ; B Belletristik,EUR 25.00 (DE),https://d-nb.info/1345215002,Fiktionale Darstellung,Sommer ohne Plan : Roman / Johanna Swanberg ; aus dem Schwedischen von Nina Hoyer,"Swanberg, Johanna (Verfasser)Hoyer, Nina (Übersetzer)",Hoffmann und Campe Verlag (Verlag),1. Auflage,Hamburg : Hoffmann und Campe,Erscheinungsdatum: 2025,"412 Seiten ; 22 cm, 509 g","Erscheint auch als Online-Ausgabe: Swanberg, Johanna: Sommer ohne Plan","978-3-455-01928-5 Festeinband : circa EUR 25.00 (DE), circa EUR 25.70 (AT), circa CHF 33.90 (freier Preis)3-455-01928-5",9783455019285,"Deutsch (ger), Originalsprache(n): Schwedisch (swe)",Keine Beziehungen gefunden,Keine Zielgruppe gefunden, Keine Schlagwörter gefunden,839 Literatur in anderen germanischen Sprachen ; B Belletristik,Erzählende Literatur: Gegenwartsliteratur ab 1945,https://d-nb.info/1345215002/about/marcxml,https://d-nb.info/1345215002/about/bibframe,http://www.buchhandel.de/buch/9783455019285?MVB-Kennnummer=83426,,Cassi,,,Bestellnummer 978-3-455-01928-5,,,,
9783809412380,Janosch,2002,Wie der Tiger zählen lernt,Wie der Tiger zählen lernt,Bassermann,07 Kinder- und Jugendliteratur,EUR 5.00 (DE),https://d-nb.info/964060930,Bilderbuch,Wie der Tiger zählen lernt / Janosch,Janosch (Verfasser),Organisationen nicht gefunden,Ausgabe nicht gefunden,München : Bassermann,Erscheinungsdatum: 2002,[38] S. : zahlr. Ill. ; 25 cm,Keine weiteren Ausgaben gefunden,978-3-8094-1238-0 Pp. : EUR 5.003-8094-1238-4 Pp. : EUR 5.00,9783809412380,Sprache nicht gefunden,Keine Beziehungen gefunden,Vorschulkind,Zählen ; Bilderbuch,07 Kinder- und Jugendliteratur,Gattung nicht gefunden,https://d-nb.info/964060930/about/marcxml,https://d-nb.info/964060930/about/bibframe,http://www.buchhandel.de/buch/9783809412380?MVB-Kennnummer=83426,,,,"Lizenz des Mosaik-Verl., München",,,,,
9783492317566,"Kaehlbrandt, Roland",2015,Deutsch. Eine Liebeserklärung. Die zehn großen Vorzüge unserer erstaunlichen Sprache,"Kaehlbrandt, Roland",Ohne Verlag,Keine Sachgruppe gefunden,EUR 0 (DE),https://d-nb.info/1363258788,Rezension,"Kaehlbrandt, Roland: Deutsch. Eine Liebeserklärung. Die zehn großen Vorzüge unserer erstaunlichen Sprache. München: Piper, 2022. – ISBN 978-3-492-31756-6. 256 Seiten, € 12,00.","Heidermann, Werner L. (Verfasser)",Organisationen nicht gefunden,Ausgabe nicht gefunden,Verlag nicht gefunden,Erscheinungsdatum: 15.04.2025,Online-Ressource,Keine weiteren Ausgaben gefunden,Preis nicht gefunden,9783492317566,Deutsch (ger),"Enthalten in: Informationen Deutsch als Fremdsprache (Bd. 52, 2025, Nr. 2-3: 309-312. 4 S.)",Keine Zielgruppe gefunden, Keine Schlagwörter gefunden,Keine Sachgruppe gefunden,Gattung nicht gefunden,https://d-nb.info/1363258788/about/marcxml,https://d-nb.info/1363258788/about/bibframe,Link not found,,,,,,,,,URN: urn:nbn:de:101:1-2504170340195.249134868938DOI: 10.1515/infodaf-2025-0049
9783311121053,"Penny, Louise",2025,Gamache: Der graue Wolf (Bd. 19),Der graue Wolf,Kampa Verlag,830 Deutsche Literatur ; B Belletristik,EUR 23.90 (DE),https://d-nb.info/1346627088,Inhalt nicht gefunden,Der graue Wolf : Der 19. Fall für Gamache / Louise Penny,"Penny, Louise (Verfasser)Stumpf, Andrea (Übersetzer)Werbeck, Gabriele (Übersetzer)",Organisationen nicht gefunden,1. Auflage,Zürich : Kampa Verlag,Erscheinungstermin: Februar 2025,544 Seiten ; 20.5 cm,Erscheint auch als Online-Ausgabe: ISBN: 9783311705789,"978-3-311-12105-3 Gebunden : circa EUR 23.90 (DE), circa EUR 24.60 (AT), circa CHF 32.90 (freier Preis)3-311-12105-8",9783311121053,"Deutsch (ger), Originalsprache(n): Englisch (eng)",Ein Fall für Gamache ; 19In Beziehung stehende Ressource: ISBN: 9783311120735In Beziehung stehende Ressource: ISBN: 9783311120636In Beziehung stehende Ressource: ISBN: 9783311120506,Keine Zielgruppe gefunden, Keine Schlagwörter gefunden,830 Deutsche Literatur ; B Belletristik,"Krimis, Thriller, Spionage",https://d-nb.info/1346627088/about/marcxml,Link not found,http://www.buchhandel.de/buch/9783311121053?MVB-Kennnummer=83426,,The Grey Wolf,,,,,,,
9783757100186,"Gehm, Franziska",2024,Ada und die künstliche Blödheit - Ein Roboter auf der Flucht (Bd. 1),Ein Roboter auf der Flucht,Rotfuchs,K Kinder- und Jugendliteratur,EUR 14.90 (DE),https://d-nb.info/132645191X,Kinderbuch,Ein Roboter auf der Flucht / Franziska Gehm ; mit Illustrationen von Stefanie Jeschke,"Gehm, Franziska (Verfasser)Jeschke, Stefanie (Illustrator)",Organisationen nicht gefunden,Originalausgabe,Frankfurt am Main : Rotfuchs,Erscheinungsdatum: [2024],"236 Seiten : Illustrationen ; 22 cm, 413 g",Erscheint auch als Online-Ausgabe: ISBN: 9783733606565,"978-3-7571-0018-6 Festeinband : EUR 14.90 (DE), EUR 15.40 (AT)3-7571-0018-2",9783757100186,Deutsch (ger),"Gehm, Franziska: Ada und die künstliche Blödheit ; 1",Kind,Junge* ; Mädchen* (*maschinell ermittelt),K Kinder- und Jugendliteratur,Kinderbücher bis 11 Jahre,https://d-nb.info/132645191X/about/marcxml,https://d-nb.info/132645191X/about/bibframe,http://www.buchhandel.de/buch/9783757100186?MVB-Kennnummer=83426,Inhaltstext,,,,,,,,
9783958541412,"Lestrade, Agnès",2019,Der kleine Prinz,Der kleine Prinz,Mixtvision,K Kinder- und Jugendliteratur,EUR 16.00 (DE),https://d-nb.info/1181714664,Bilderbuch,Der kleine Prinz / nacherzählt von Agnès de Lestrade ; illustriert von Valeria Docampo ; übersetzt von Anna Taube,"Lestrade, Agnès de (Verfasser)Docampo, Valeria (Künstler)Taube, Anna (Übersetzer)",mixtvision Mediengesellschaft mbH (Verlag),Ausgabe nicht gefunden,München : Mixtvision,Erscheinungsdatum: [2019],48 ungezählte Seiten ; 28 cm,Keine weiteren Ausgaben gefunden,"978-3-95854-141-2 Festeinband : circa EUR 16.00 (DE), circa EUR 16.50 (AT)3-95854-141-0",9783958541412,"Deutsch (ger), Originalsprache(n): Italienisch (ita)",In Beziehung stehende Ressource: ISBN: 9783958541306In Beziehung stehende Ressource: ISBN: 9783939435563In Beziehung stehende Ressource: ISBN: 9783939435266In Beziehung stehende Ressource: ISBN: 9783939435808In Beziehung stehende Ressource: ISBN: 9783958540262In Beziehung stehende Ressource: ISBN: 9783958541047In Beziehung stehende Ressource: ISBN: 9783958541023In Beziehung stehende Ressource: ISBN: 9783958540934,Kind, Keine Schlagwörter gefunden,K Kinder- und Jugendliteratur,Erzählerische Bilderbücher,https://d-nb.info/1181714664/about/marcxml,https://d-nb.info/1181714664/about/bibframe,http://www.buchhandel.de/buch/9783958541412?MVB-Kennnummer=83426,Inhaltstext,Il piccolo principe,,,,,,Signatur: XI A 4360 : Einzelerwerbungen ab Erscheinungsjahr 2004,
9783736323551,"Kneidl, Laura",2025,The Darlington - Henry & Kate (Bd. 1),The Darlington - Henry & Kate,LYX,830 Deutsche Literatur ; B Belletristik,EUR 24.00 (DE),https://d-nb.info/1344519296,Inhalt nicht gefunden,The Darlington - Henry & Kate : Von der Autorin der Bestseller-Reihe BERÜHRE MICH. NICHT. mit wunderschönem Motivfarbschnitt in der Erstauflage / Laura Kneidl,"Kneidl, Laura (Verfasser)",Organisationen nicht gefunden,1. Auflage 2025,Köln : LYX,Erscheinungsdatum: 2025,559 Seiten ; 21.5 cm,"Erscheint auch als: ISBN: 9783966354851Erscheint auch als Online-Ausgabe: Kneidl, Laura: The Darlington - Henry & Kate","978-3-7363-2355-1 Festeinband : EUR 24.00 (DE), EUR 24.70 (AT), CHF 32.50 (freier Preis)3-7363-2355-7",9783736323551,Deutsch (ger),The Darlington ; 1In Beziehung stehende Ressource: ISBN: 9783736305274In Beziehung stehende Ressource: ISBN: 9783736305496In Beziehung stehende Ressource: ISBN: 9783736308299In Beziehung stehende Ressource: ISBN: 9783736324916In Beziehung stehende Ressource: ISBN: 9783736324923,Keine Zielgruppe gefunden, Keine Schlagwörter gefunden,830 Deutsche Literatur ; B Belletristik,Erzählende Literatur: Gegenwartsliteratur ab 1945,https://d-nb.info/1344519296/about/marcxml,Link not found,http://www.buchhandel.de/buch/9783736323551?MVB-Kennnummer=83426,Inhaltstext,,,,Bestellnummer 2355,,,,
9783401607955,"Brandis, Katja",2025,Windwalkers: Verborgene Flügel (Bd. 1),Verborgene Flügel,Arena,K Kinder- und Jugendliteratur,EUR 16.00 (DE),https://d-nb.info/1360130802,Kinderbuch,Verborgene Flügel / Katja Brandis ; Zeichnungen von Claudia Carls,"Brandis, Katja (Verfasser)Carls, Claudia (Illustrator)",Arena-Verlag (Verlag),1. Auflage,Würzburg : Arena,Erscheinungsdatum: 2025,"337 Seiten : Illustrationen ; 22 cm, 667 g","Erscheint auch als Druck-Ausgabe: ISBN: 9783401241609Erscheint auch als Druck-Ausgabe: ISBN: 9783401852959Erscheint auch als Online-Ausgabe: Brandis, Katja: Windwalkers (1). Verborgene Flügel","978-3-401-60795-5 Festeinband : EUR 16.00 (DE), EUR 16.50 (AT), CHF 21.50 (freier Preis)3-401-60795-2",9783401607955,Deutsch (ger),"Brandis, Katja: Windwalkers ; [1]In Beziehung stehende Ressource: ISBN: 9783401512259In Beziehung stehende Ressource: ISBN: 9783401606408In Beziehung stehende Ressource: ISBN: 9783401606125",Kind,Magie* ; Mädchen* ; Tiere* (*maschinell ermittelt),K Kinder- und Jugendliteratur,Kinderbücher bis 11 Jahre,https://d-nb.info/1360130802/about/marcxml,https://d-nb.info/1360130802/about/bibframe,http://www.buchhandel.de/buch/9783401607955?MVB-Kennnummer=83426,InhaltstextInhaltstext,,,,,,,,
9783596700530,"Strobel, Arno",2021,Sharing : willst du wirklich alles teilen?,Sharing,Fischer,830 Deutsche Literatur ; B Belletristik,EUR 15.99 (DE),https://d-nb.info/1231934190,Fiktionale Darstellung,Sharing : Psychothriller : willst du wirklich alles teilen? / Arno Strobel,"Strobel, Arno (Verfasser)",Organisationen nicht gefunden,Originalausgabe,Frankfurt am Main : Fischer,Erscheinungsdatum: Oktober 2021,"359 Seiten ; 22 cm, 447 g",Erscheint auch als Online-Ausgabe: ISBN: 9783104912691,"978-3-596-70053-0 Broschur : EUR 15.99 (DE), EUR 16.50 (AT)3-596-70053-1",9783596700530,Deutsch (ger),Keine Beziehungen gefunden,Keine Zielgruppe gefunden, Keine Schlagwörter gefunden,830 Deutsche Literatur ; B Belletristik,"Krimis, Thriller, Spionage",https://d-nb.info/1231934190/about/marcxml,https://d-nb.info/1231934190/about/bibframe,http://www.buchhandel.de/buch/9783596700530?MVB-Kennnummer=83426,Inhaltstext,,,,Bestellnummer: 1025682,,,,
9783442316915,"Kobr, Michael",2025,Schatten über Sømarken : ein Bornholmkrimi,Schatten über Sømarken,Goldmann,830 Deutsche Literatur ; B Belletristik,EUR 24.00 (DE),https://d-nb.info/1347125817,Fiktionale Darstellung,Schatten über Sømarken : ein Bornholmkrimi / Michael Kobr,"Kobr, Michael (Verfasser)",Wilhelm-Goldmann-Verlag (München) (Verlag),"1. Auflage, Originalausgabe",München : Goldmann,Erscheinungsdatum: Mai 2025,"414 Seiten ; 22 cm, 575 g","Erscheint auch als Online-Ausgabe: Kobr, Michael: Schatten über SømarkenErscheint auch als: ISBN: 9783844553017Erscheint auch als: ISBN: 9783844553024","978-3-442-31691-5 Festeinband : EUR 24.00 (DE), EUR 24.70 (AT), CHF 33.50 (freier Preis)3-442-31691-X",9783442316915,Deutsch (ger),Keine Beziehungen gefunden,Keine Zielgruppe gefunden, Keine Schlagwörter gefunden,830 Deutsche Literatur ; B Belletristik,"Krimis, Thriller, Spionage",https://d-nb.info/1347125817/about/marcxml,https://d-nb.info/1347125817/about/bibframe,http://www.buchhandel.de/buch/9783442316915?MVB-Kennnummer=83426,Inhaltstext,,,,,,,,
9783551803825,Nicke,2025,Beyond the clouds (Bd. 2),Nicke,Carlsen Manga!,Comic ; Manga,EUR 8.00 (DE),https://d-nb.info/1347257640,Inhalt nicht gefunden,Nicke: Beyond the cloudsTeil: 2,Personen nicht gefunden,Organisationen nicht gefunden,1. Aufl.,Hamburg : Carlsen Manga!,Erscheinungsdatum: 2025,circa 180 Seiten ; 154 g,Erscheint auch als Online-Ausgabe: Nicke: Beyond the Clouds 2,"978-3-551-80382-5 Broschur : EUR 8.00 (DE), EUR 8.30 (AT), CHF 11.90 (freier Preis)3-551-80382-X",9783551803825,"Deutsch (ger), Originalsprache(n): Japanisch (jpn)",Keine Beziehungen gefunden,Keine Zielgruppe gefunden, Keine Schlagwörter gefunden,Keine Sachgruppe gefunden,Gattung nicht gefunden,https://d-nb.info/1347257640/about/marcxml,https://d-nb.info/1347257640/about/bibframe,http://www.buchhandel.de/buch/9783551803825?MVB-Kennnummer=83426,InhaltstextInhaltsverzeichnis,,,,,,,,
9783982037806,"Haas, Ulrich",2018,Entlang der Iller,Entlang der Iller,Nature Art Verlag,"914.3 Geografie, Reisen (Deutschland)",EUR 24.80 (DE),https://d-nb.info/1171924658,Bildband,Entlang der Iller / Ulrich Haas,"Haas, Ulrich (Fotograf)",Organisationen nicht gefunden,1. Auflage,Memmingen im Allgäu : Nature Art Verlag,Erscheinungsdatum: November 2018,207 Seiten ; 22 x 29 cm,Keine weiteren Ausgaben gefunden,"978-3-9820378-0-6 Festeinband : EUR 24.80 (DE), EUR 25.50 (AT)3-9820378-0-8",9783982037806,Deutsch (ger),Keine Beziehungen gefunden,Keine Zielgruppe gefunden,Iller* ; Floßfahrt* ; Aussichtsturm* ; Hängebrücke* ; Burgruine* (*maschinell ermittelt),"914.3 Geografie, Reisen (Deutschland)",Gattung nicht gefunden,https://d-nb.info/1171924658/about/marcxml,https://d-nb.info/1171924658/about/bibframe,http://www.buchhandel.de/buch/9783982037806?MVB-Kennnummer=83426,Inhaltsverzeichnis,,,,,,,,
9783328103226,"Nikolai, Maria",2018,Die Schokoladenvilla (Bd. 1),Die Schokoladenvilla,Penguin Verlag,830 Deutsche Literatur ; B Belletristik,EUR 10.00 (DE),https://d-nb.info/1156229405,Fiktionale Darstellung,Die Schokoladenvilla : Roman / Maria Nikolai,"Nikolai, Maria (Verfasser)",Organisationen nicht gefunden,2. Auflage,München : Penguin Verlag,Erscheinungsdatum: 2018,652 Seiten ; 19 cm,Erscheint auch als Online-Ausgabe: ISBN: 9783641235413Erscheint auch als: ISBN: 9783844530551,"978-3-328-10322-6 Broschur : EUR 10.00 (DE), EUR 10.30 (AT), CHF 13.90 (freier Preis)3-328-10322-8",9783328103226,Deutsch (ger),Keine Beziehungen gefunden,Keine Zielgruppe gefunden, Keine Schlagwörter gefunden,830 Deutsche Literatur ; B Belletristik,Erzählende Literatur,https://d-nb.info/1156229405/about/marcxml,https://d-nb.info/1156229405/about/bibframe,http://www.buchhandel.de/buch/9783328103226?MVB-Kennnummer=83426,Inhaltstext,,,,,,,,
9783779507475,"Schössow, Birgit",2024,Oma verbuddeln,Oma verbuddeln,Peter Hammer Verlag,K Kinder- und Jugendliteratur,EUR 15.00 (DE),https://d-nb.info/132644543X,Kinderbuch,Oma verbuddeln / Birgit Schössow ; mit Bildern von Birgit Schössow,"Schössow, Birgit (Verfasser, Illustrator)",Organisationen nicht gefunden,Ausgabe nicht gefunden,Wuppertal : Peter Hammer Verlag,Erscheinungsdatum: [2024],222 Seiten : Illustrationen ; 23 cm,Keine weiteren Ausgaben gefunden,"978-3-7795-0747-5 Festeinband : circa EUR 15.00 (DE), circa EUR 15.50 (AT)3-7795-0747-1",9783779507475,Deutsch (ger),In Beziehung stehende Ressource: ISBN: 9783779506973,Kind,Familie* (*maschinell ermittelt),K Kinder- und Jugendliteratur,Kinderbücher bis 11 Jahre,https://d-nb.info/132644543X/about/marcxml,https://d-nb.info/132644543X/about/bibframe,http://www.buchhandel.de/buch/9783779507475?MVB-Kennnummer=83426,,,,,,,,,
9783809027065,"Zusak, Markus",2018,Nichts weniger als ein Wunder,Nichts weniger als ein Wunder,Limes,820 Englische Literatur ; B Belletristik,EUR 22.00 (DE),https://d-nb.info/1164391798,Fiktionale Darstellung,Nichts weniger als ein Wunder : Roman / Markus Zusak ; Deutsch von Alexandra Ernst,"Zusak, Markus (Verfasser)Ernst, Alexandra (Übersetzer)",Limes Verlag (Verlag),1. Auflage,München : Limes,Erscheinungsdatum: [2018],634 Seiten ; 22 cm,"Erscheint auch als: ISBN: 9783837145090Erscheint auch als: ISBN: 9783837145106Erscheint auch als Online-Ausgabe: Zusak, Markus: Nichts weniger als ein Wunder","978-3-8090-2706-5 Festeinband : circa EUR 22.00 (DE), circa EUR 22.70 (AT), circa CHF 30.90 (freier Preis)3-8090-2706-5",9783809027065,"Deutsch (ger), Originalsprache(n): Englisch (eng)",In Beziehung stehende Ressource: ISBN: 9783442373956In Beziehung stehende Ressource: ISBN: 9783570132746In Beziehung stehende Ressource: ISBN: 9783570158029In Beziehung stehende Ressource: ISBN: 9783570403235In Beziehung stehende Ressource: ISBN: 9783837145090,Keine Zielgruppe gefunden, Keine Schlagwörter gefunden,820 Englische Literatur ; B Belletristik,Erzählende Literatur,https://d-nb.info/1164391798/about/marcxml,https://d-nb.info/1164391798/about/bibframe,http://www.buchhandel.de/buch/9783809027065?MVB-Kennnummer=83426,Inhaltstext,Bridge of Clay,,,,,,,
9783423263979,"Hamberg, Emma",2025,Merci Agneta – Sommer auf Französisch (Bd. 1),Merci Agneta,dtv Verlagsgesellschaft,830 Deutsche Literatur ; B Belletristik,EUR 17.00 (DE),https://d-nb.info/1345844018,Inhalt nicht gefunden,Merci Agneta : Roman | Liebe und Lebensfreude in der Provence: Die Fortsetzung des Sommer-Bestsellers / Emma Hamberg,"Hamberg, Emma (Verfasser)Kuhn, Wibke (Übersetzer)",Deutscher Taschenbuch-Verlag (München) (Verlag),1. Auflage,München : dtv Verlagsgesellschaft,Erscheinungsdatum: 2025,"448 Seiten ; 21 cm, 460 g","Erscheint auch als Online-Ausgabe: Hamberg, Emma: Merci Agneta","978-3-423-26397-9 Broschur : circa EUR 17.00 (DE), circa EUR 17.50 (AT), circa CHF 22.90 (freier Preis)3-423-26397-0",9783423263979,"Deutsch (ger), Originalsprache(n): Schwedisch (swe)",Neuanfang auf Französisch ; 2In Beziehung stehende Ressource: ISBN: 9783423263863,Keine Zielgruppe gefunden, Keine Schlagwörter gefunden,830 Deutsche Literatur ; B Belletristik,Erzählende Literatur,https://d-nb.info/1345844018/about/marcxml,Link not found,http://www.buchhandel.de/buch/9783423263979?MVB-Kennnummer=83426,Inhaltstext,Au revoir Agneta,,,,,,,
9783423220675,"Helford, Anna",2024,Season Sisters: Winterhoffnung (Bd. 4),Winterhoffnung,dtv,830 Deutsche Literatur ; B Belletristik,EUR 13.00 (DE),https://d-nb.info/1307082882,Fiktionale Darstellung,Winterhoffnung : Roman / Anna Helford,"Helford, Anna (Verfasser)",Deutscher Taschenbuch-Verlag (München) (Verlag),Originalausgabe,München : dtv,Erscheinungsdatum: 2024,"367 Seiten ; 20 cm, 312 g",Erscheint auch als Online-Ausgabe: Season Sisters – Winterhoffnung,"978-3-423-22067-5 Broschur : circa EUR 13.00 (DE), circa EUR 13.40 (AT), circa CHF 17.90 (freier Preis)3-423-22067-8",9783423220675,Deutsch (ger),"Helford, Anna: Season SistersIn Beziehung stehende Ressource: ISBN: 9783423220453In Beziehung stehende Ressource: ISBN: 9783423220590",Keine Zielgruppe gefunden, Keine Schlagwörter gefunden,830 Deutsche Literatur ; B Belletristik,Erzählende Literatur,https://d-nb.info/1307082882/about/marcxml,https://d-nb.info/1307082882/about/bibframe,http://www.buchhandel.de/buch/9783423220675?MVB-Kennnummer=83426,Inhaltstext,,,,,,,,
9783351042530,"Ruban, Paul",2025,Der Duft des Wals,Der Duft des Wals,Aufbau,830 Deutsche Literatur ; B Belletristik,EUR 22.00 (DE),https://d-nb.info/1348031948,Inhalt nicht gefunden,Der Duft des Wals : Roman / Paul Ruban,"Ruban, Paul (Verfasser)Dummer, Jennifer (Übersetzer)",Aufbau-Verlag (Verlag),1. Auflage,Berlin : Aufbau,Erscheinungsdatum: 2025,"223 Seiten ; 21.5 cm, 322 g","Erscheint auch als Online-Ausgabe: Ruban, Paul: Der Duft des WalsErscheint auch als Online-Ausgabe: ISBN: 9783757017248","978-3-351-04253-0 Festeinband : EUR 22.00 (DE), EUR 22.70 (AT)3-351-04253-1",9783351042530,"Deutsch (ger), Originalsprache(n): Französisch (fre)",Keine Beziehungen gefunden,Keine Zielgruppe gefunden, Keine Schlagwörter gefunden,830 Deutsche Literatur ; B Belletristik,Erzählende Literatur: Gegenwartsliteratur ab 1945,https://d-nb.info/1348031948/about/marcxml,Link not found,http://www.buchhandel.de/buch/9783351042530?MVB-Kennnummer=83426,Inhaltstext,Le parfum de la baleine,,,,,,,
